onset	duration	sample	value
4.166015625	n/a	4267	1311
4.2646484375	n/a	4368	1312
4.6201171875	n/a	4732	3111
4.6201171875	n/a	4732	1211
4.6201171875	n/a	4732	3200
4.6201171875	n/a	4732	3310
4.6201171875	n/a	4732	4230
4.73828125	n/a	4853	2621
5.1669921875	n/a	5292	1311
5.3095703125	n/a	5438	1312
11.23828125	n/a	11509	2622
11.2431640625	n/a	11514	1311
11.365234375	n/a	11639	1312
12.0	n/a	12289	1111
12.3427734375	n/a	12640	1311
12.474609375	n/a	12775	1312
12.9208984375	n/a	13232	4311
12.9765625	n/a	13289	1112
13.298828125	n/a	13619	4210
14.8818359375	n/a	15240	4312
19.248046875	n/a	19711	1111
19.66015625	n/a	20133	4311
19.68359375	n/a	20157	1112
19.826171875	n/a	20303	4220
21.146484375	n/a	21655	1311
21.248046875	n/a	21759	1312
25.859375	n/a	26481	1121
25.8623046875	n/a	26484	1311
26.001953125	n/a	26627	1312
26.1708984375	n/a	26800	4210
26.8291015625	n/a	27474	4311
26.8974609375	n/a	27544	1122
26.98046875	n/a	27629	4230
29.06640625	n/a	29765	4210
30.30078125	n/a	31029	4312
30.4599609375	n/a	31192	4220
35.201171875	n/a	36047	1111
36.197265625	n/a	37067	4311
36.263671875	n/a	37135	1112
38.01171875	n/a	38925	1311
38.142578125	n/a	39059	1312
38.7734375	n/a	39705	4210
42.3779296875	n/a	43396	4312
42.869140625	n/a	43899	1121
43.9365234375	n/a	44992	4230
43.947265625	n/a	45003	4311
44.0263671875	n/a	45084	1122
46.31640625	n/a	47429	4210
46.44140625	n/a	47557	1311
46.5732421875	n/a	47692	1312
46.7275390625	n/a	47850	4312
47.4619140625	n/a	48602	1311
47.6015625	n/a	48745	1312
49.7607421875	n/a	50956	1121
50.4638671875	n/a	51676	4311
50.5087890625	n/a	51722	1122
51.0517578125	n/a	52278	4230
51.623046875	n/a	52863	4210
51.7919921875	n/a	53036	1311
51.9384765625	n/a	53186	1312
53.19921875	n/a	54477	4220
53.7998046875	n/a	55092	3200
54.23828125	n/a	55541	2621
55.7861328125	n/a	57126	4210
55.8662109375	n/a	57208	4312
58.3447265625	n/a	59746	1121
59.1279296875	n/a	60548	4311
59.171875	n/a	60593	1122
59.59375	n/a	61025	4230
60.9873046875	n/a	62452	4210
62.48828125	n/a	63989	2622
63.2958984375	n/a	64816	4312
63.3662109375	n/a	64888	4220
66.12890625	n/a	67717	1111
67.03515625	n/a	68645	4311
67.08984375	n/a	68701	1112
69.9619140625	n/a	71642	4210
70.1728515625	n/a	71858	4312
75.375	n/a	77185	1111
75.7734375	n/a	77593	4220
76.05859375	n/a	77885	4311
76.1025390625	n/a	77930	1112
76.1142578125	n/a	77942	1311
76.2412109375	n/a	78072	1312
78.548828125	n/a	80435	4210
78.548828125	n/a	80435	4312
79.6416015625	n/a	81554	1311
79.7685546875	n/a	81684	1312
82.701171875	n/a	84687	1111
82.869140625	n/a	84859	4220
84.0498046875	n/a	86068	4311
84.150390625	n/a	86171	1112
86.9306640625	n/a	89018	4210
87.44140625	n/a	89541	4230
88.234375	n/a	90353	4210
88.369140625	n/a	90491	4312
89.865234375	n/a	92023	1121
90.6376953125	n/a	92814	4230
90.826171875	n/a	93007	4311
90.892578125	n/a	93075	1122
92.7392578125	n/a	94966	4210
93.90234375	n/a	96157	4220
94.5751953125	n/a	96846	3200
94.9873046875	n/a	97268	2621
97.419921875	n/a	99759	4210
97.6318359375	n/a	99976	4312
98.712890625	n/a	101083	1121
99.615234375	n/a	102007	4311
99.669921875	n/a	102063	1122
99.8232421875	n/a	102220	4230
101.447265625	n/a	103883	4210
102.7626953125	n/a	105230	4220
103.2373046875	n/a	105716	2622
104.7861328125	n/a	107302	4210
104.7861328125	n/a	107302	4312
105.826171875	n/a	108367	1111
106.1376953125	n/a	108686	4220
106.60546875	n/a	109165	4311
106.650390625	n/a	109211	1112
109.3720703125	n/a	111998	4210
109.4423828125	n/a	112070	4312
109.79296875	n/a	112429	4220
111.970703125	n/a	114659	4210
113.8193359375	n/a	116552	1121
114.208984375	n/a	116951	4311
114.2314453125	n/a	116974	1122
117.6943359375	n/a	120520	4220
119.0166015625	n/a	121874	4210
119.5712890625	n/a	122442	4312
119.7080078125	n/a	122582	1111
120.1884765625	n/a	123074	4220
120.62890625	n/a	123525	4311
120.68359375	n/a	123581	1112
126.052734375	n/a	129079	1111
126.91015625	n/a	129957	4311
126.966796875	n/a	130015	1112
128.9892578125	n/a	132086	1311
129.1357421875	n/a	132236	1312
130.0869140625	n/a	133210	4210
130.1767578125	n/a	133302	4312
132.22265625	n/a	135397	1111
132.3994140625	n/a	135578	4311
132.3994140625	n/a	135578	1112
134.115234375	n/a	137335	4312
134.1953125	n/a	137417	3200
134.4873046875	n/a	137716	2621
136.7421875	n/a	140025	1311
136.833984375	n/a	140119	1312
137.2880859375	n/a	140584	1311
137.380859375	n/a	140679	1312
137.53125	n/a	140833	1121
138.5234375	n/a	141849	4311
138.568359375	n/a	141895	4230
138.5908203125	n/a	141918	1122
140.6962890625	n/a	144074	4210
141.087890625	n/a	144475	4312
142.486328125	n/a	145907	2622
143.86328125	n/a	147317	4220
145.6884765625	n/a	149186	1311
145.822265625	n/a	149323	1312
147.2080078125	n/a	150742	1311
147.33984375	n/a	150877	1312
148.9560546875	n/a	152532	4210
149.2705078125	n/a	152854	1121
149.5146484375	n/a	153104	4311
149.5146484375	n/a	153104	1122
150.466796875	n/a	154079	4312
155.0849609375	n/a	158808	1111
155.876953125	n/a	159619	4220
155.9208984375	n/a	159664	4311
155.9765625	n/a	159721	1112
156.658203125	n/a	160419	1311
156.8046875	n/a	160569	1312
158.0888671875	n/a	161884	4210
159.2470703125	n/a	163070	4312
159.7109375	n/a	163545	1311
159.8505859375	n/a	163688	1312
161.4375	n/a	165313	1121
162.3173828125	n/a	166214	4311
162.3720703125	n/a	166270	4230
162.3720703125	n/a	166270	1122
164.384765625	n/a	168331	4210
164.8447265625	n/a	168802	4312
165.7333984375	n/a	169712	4220
166.693359375	n/a	170695	4210
167.7197265625	n/a	171746	1121
168.521484375	n/a	172567	4311
168.576171875	n/a	172623	1122
168.8583984375	n/a	172912	4230
169.96875	n/a	174049	4210
171.068359375	n/a	175175	4312
172.02734375	n/a	176157	4220
173.8154296875	n/a	177988	1111
174.314453125	n/a	178499	4311
174.3359375	n/a	178521	1112
174.728515625	n/a	178923	3200
175.236328125	n/a	179443	2621
176.2783203125	n/a	180510	4210
177.376953125	n/a	181635	4312
178.056640625	n/a	182331	1311
178.1669921875	n/a	182444	1312
179.455078125	n/a	183763	1111
179.9892578125	n/a	184310	4311
180.0224609375	n/a	184344	1112
180.4443359375	n/a	184776	4220
181.6943359375	n/a	186056	4210
181.84375	n/a	186209	4312
183.236328125	n/a	187635	2622
185.033203125	n/a	189475	1111
185.8134765625	n/a	190274	4220
185.8349609375	n/a	190296	4311
185.8916015625	n/a	190354	1112
187.86328125	n/a	192373	4210
188.251953125	n/a	192771	4312
189.0869140625	n/a	193626	1311
189.2265625	n/a	193769	1312
193.79296875	n/a	198445	1121
194.671875	n/a	199345	4311
194.7275390625	n/a	199402	1122
194.830078125	n/a	199507	4230
196.388671875	n/a	201103	4210
197.4365234375	n/a	202176	1311
197.560546875	n/a	202303	1312
197.71875	n/a	202465	4220
198.529296875	n/a	203295	4210
198.638671875	n/a	203407	4312
200.955078125	n/a	205779	1121
201.8349609375	n/a	206680	4311
201.8896484375	n/a	206736	1122
202.04296875	n/a	206893	4230
203.341796875	n/a	208223	4210
204.3720703125	n/a	209278	4220
206.40625	n/a	211361	4210
206.7734375	n/a	211737	4312
207.220703125	n/a	212195	1121
207.533203125	n/a	212515	4311
207.544921875	n/a	212527	1122
208.6357421875	n/a	213644	4312
212.763671875	n/a	217871	1121
213.7099609375	n/a	218840	4311
213.775390625	n/a	218907	1122
213.798828125	n/a	218931	4230
215.3974609375	n/a	220568	3200
215.697265625	n/a	220875	4210
215.7353515625	n/a	220914	2621
217.0478515625	n/a	222258	4312
217.357421875	n/a	222575	4220
218.8837890625	n/a	224138	1121
219.3173828125	n/a	224582	4210
219.619140625	n/a	224891	4311
219.6640625	n/a	224937	1122
222.1943359375	n/a	227528	4220
223.9853515625	n/a	229362	2622
224.1552734375	n/a	229536	1311
224.2568359375	n/a	229640	1312
225.3056640625	n/a	230714	4210
225.53515625	n/a	230949	4312
227.673828125	n/a	233139	1121
228.4951171875	n/a	233980	4311
228.5517578125	n/a	234038	1122
228.783203125	n/a	234275	4230
228.955078125	n/a	234451	1311
229.0947265625	n/a	234594	1312
230.392578125	n/a	235923	4210
232.0625	n/a	237633	4312
234.8828125	n/a	240521	1121
235.71875	n/a	241377	4311
235.7734375	n/a	241433	1122
235.9462890625	n/a	241610	4230
237.2958984375	n/a	242992	4210
238.8056640625	n/a	244538	4220
239.875	n/a	245633	4210
239.875	n/a	245633	4312
241.4345703125	n/a	247230	1311
241.56640625	n/a	247365	1312
241.9951171875	n/a	247804	1121
242.9423828125	n/a	248774	4311
243.0087890625	n/a	248842	1122
243.0517578125	n/a	248886	4230
244.75	n/a	250625	4210
245.6201171875	n/a	251516	4312
245.650390625	n/a	251547	4220
247.7841796875	n/a	253732	1311
247.8779296875	n/a	253828	1312
248.3330078125	n/a	254294	1121
248.744140625	n/a	254715	4210
249.099609375	n/a	255079	4311
249.14453125	n/a	255125	1122
249.5966796875	n/a	255588	4230
250.5556640625	n/a	256570	4210
251.275390625	n/a	257307	4312
255.923828125	n/a	262067	3200
256.087890625	n/a	262235	1311
256.2236328125	n/a	262374	1312
256.2353515625	n/a	262386	2621
256.5869140625	n/a	262746	1121
257.4140625	n/a	263593	4311
257.46875	n/a	263649	1122
257.720703125	n/a	263907	4230
258.970703125	n/a	265187	4210
260.6611328125	n/a	266918	4312
264.025390625	n/a	270363	1121
264.7353515625	n/a	271090	2622
264.904296875	n/a	271263	4311
264.9599609375	n/a	271320	1122
265.2412109375	n/a	271608	4230
266.48046875	n/a	272877	4210
267.83984375	n/a	274269	4220
268.4541015625	n/a	274898	1311
268.578125	n/a	275025	1312
270.6240234375	n/a	277120	1121
270.990234375	n/a	277495	4210
271.5361328125	n/a	278054	4311
271.5908203125	n/a	278110	1122
271.734375	n/a	278257	4230
273.443359375	n/a	280007	4210
274.6328125	n/a	281225	4312
279.3564453125	n/a	286062	1111
280.0927734375	n/a	286816	4220
280.2041015625	n/a	286930	4311
280.2587890625	n/a	286986	1112
281.4052734375	n/a	288160	1311
281.552734375	n/a	288311	1312
282.30078125	n/a	289077	4210
282.3203125	n/a	289097	4312
286.349609375	n/a	293223	1121
287.1962890625	n/a	294090	4311
287.251953125	n/a	294147	1122
287.3740234375	n/a	294272	4230
289.0234375	n/a	295961	4210
290.97265625	n/a	297957	4312
293.2451171875	n/a	300284	1111
293.8037109375	n/a	300856	1311
293.927734375	n/a	300983	1312
294.001953125	n/a	301059	4220
294.24609375	n/a	301309	4311
294.3125	n/a	301377	1112
296.6845703125	n/a	303806	3200
296.984375	n/a	304113	2621
297.1552734375	n/a	304288	4210
297.6259765625	n/a	304770	4312
301.5029296875	n/a	308740	1311
301.62109375	n/a	308861	1312
305.234375	n/a	312561	2622
308.1796875	n/a	315577	1111
308.9365234375	n/a	316352	4220
309.0361328125	n/a	316454	4311
309.091796875	n/a	316511	1112
310.853515625	n/a	318315	4210
312.3037109375	n/a	319800	4230
313.033203125	n/a	320547	4210
313.263671875	n/a	320783	4312
316.19140625	n/a	323781	1111
316.97265625	n/a	324581	4220
317.02734375	n/a	324637	4311
317.0830078125	n/a	324694	1112
318.939453125	n/a	326595	4210
320.3935546875	n/a	328084	4230
321.69140625	n/a	329413	4210
322.5185546875	n/a	330260	1111
323.3994140625	n/a	331162	4311
323.455078125	n/a	331219	4220
323.455078125	n/a	331219	1112
325.234375	n/a	333041	4210
328.0322265625	n/a	335906	4312
331.015625	n/a	338961	1111
331.662109375	n/a	339623	4220
331.861328125	n/a	339827	4311
331.91796875	n/a	339885	1112
334.2880859375	n/a	342312	4210
336.0634765625	n/a	344130	4312
337.2685546875	n/a	345364	3200
337.734375	n/a	345841	2621
338.587890625	n/a	346715	1121
339.201171875	n/a	347343	1311
339.33203125	n/a	347477	1312
339.4013671875	n/a	347548	4311
339.4560546875	n/a	347604	1122
339.5400390625	n/a	347690	4230
341.0537109375	n/a	349240	4210
342.30859375	n/a	350525	4220
343.1005859375	n/a	351336	4210
343.220703125	n/a	351459	4312
346.234375	n/a	354545	2622
349.9814453125	n/a	358382	1311
350.1279296875	n/a	358532	1312
350.53125	n/a	358945	1311
350.6640625	n/a	359081	1312
350.865234375	n/a	359287	1111
351.4443359375	n/a	359880	4220
351.669921875	n/a	360111	4311
351.7265625	n/a	360169	1112
354.015625	n/a	362513	4210
354.2255859375	n/a	362728	4312
357.275390625	n/a	365851	1111
357.7646484375	n/a	366352	4220
358.12109375	n/a	366717	4311
358.17578125	n/a	366773	1112
360.4462890625	n/a	369098	4210
361.4892578125	n/a	370166	4312
366.64453125	n/a	375445	1111
367.4345703125	n/a	376254	4311
367.490234375	n/a	376311	1112
367.5322265625	n/a	376354	4220
369.314453125	n/a	378179	4210
371.1201171875	n/a	380028	4312
373.4755859375	n/a	382440	1121
374.3583984375	n/a	383344	4311
374.4140625	n/a	383401	1122
374.4560546875	n/a	383444	4230
376.0810546875	n/a	385108	4210
376.8837890625	n/a	385930	4220
378.4892578125	n/a	387574	3200
378.5390625	n/a	387625	4210
378.7333984375	n/a	387824	2621
378.8544921875	n/a	387948	4312
380.28125	n/a	389409	1121
380.3037109375	n/a	389432	1122
383.1826171875	n/a	392380	1311
383.283203125	n/a	392483	1312
387.2333984375	n/a	396528	2622
388.298828125	n/a	397619	1111
388.9697265625	n/a	398306	4220
389.3046875	n/a	398649	4311
389.3720703125	n/a	398718	1112
391.541015625	n/a	400939	4210
392.48046875	n/a	401901	1311
392.5849609375	n/a	402008	1312
395.154296875	n/a	404639	4312
396.46875	n/a	405985	1121
397.3359375	n/a	406873	4311
397.3916015625	n/a	406930	1122
397.4443359375	n/a	406984	4230
399.16015625	n/a	408741	4210
399.6923828125	n/a	409286	4312
405.841796875	n/a	415583	1121
406.69140625	n/a	416453	4311
406.748046875	n/a	416511	1122
406.8095703125	n/a	416574	4230
408.705078125	n/a	418515	4210
410.12890625	n/a	419973	4312
413.5078125	n/a	423433	1111
414.173828125	n/a	424115	4220
414.3515625	n/a	424297	4311
414.408203125	n/a	424355	1112
416.24609375	n/a	426237	4210
416.7568359375	n/a	426760	4312
419.158203125	n/a	429219	1121
419.7587890625	n/a	429834	3200
420.037109375	n/a	430119	4311
420.0927734375	n/a	430176	1122
420.1162109375	n/a	430200	4230
420.232421875	n/a	430319	2621
421.8017578125	n/a	431926	4210
422.6552734375	n/a	432800	4220
423.4990234375	n/a	433664	1311
423.6298828125	n/a	433798	1312
423.96875	n/a	434145	4210
425.734375	n/a	435953	4312
426.9677734375	n/a	437216	1121
427.69140625	n/a	437957	4230
427.8466796875	n/a	438116	4311
427.90234375	n/a	438173	1122
428.232421875	n/a	438511	2622
430.0634765625	n/a	440386	4210
430.0634765625	n/a	440386	4312
432.6982421875	n/a	443084	1311
432.822265625	n/a	443211	1312
433.728515625	n/a	444139	1311
433.8583984375	n/a	444272	1312
433.8876953125	n/a	444302	1111
434.5	n/a	444929	4220
434.6005859375	n/a	445032	4311
434.6455078125	n/a	445078	1112
435.84765625	n/a	446309	1311
435.9794921875	n/a	446444	1312
436.3037109375	n/a	446776	4210
437.5673828125	n/a	448070	4312
444.447265625	n/a	455115	1311
444.578125	n/a	455249	1312
445.443359375	n/a	456135	1121
446.21484375	n/a	456925	4311
446.259765625	n/a	456971	1122
446.4619140625	n/a	457178	4230
447.8955078125	n/a	458646	4210
450.28125	n/a	461089	4312
450.626953125	n/a	461443	1311
450.7578125	n/a	461577	1312
451.126953125	n/a	461955	1311
451.2578125	n/a	462089	1312
451.90234375	n/a	462749	1111
452.765625	n/a	463633	4311
452.8203125	n/a	463689	1112
452.83203125	n/a	463701	4220
454.296875	n/a	465201	1311
454.390625	n/a	465297	1312
454.63671875	n/a	465549	4210
456.8134765625	n/a	467778	4312
460.140625	n/a	471185	3200
460.482421875	n/a	471535	2621
460.5751953125	n/a	471630	1111
461.322265625	n/a	472395	4311
461.3662109375	n/a	472440	1112
461.376953125	n/a	472451	4220
463.052734375	n/a	474167	4210
464.9794921875	n/a	476140	4312
468.232421875	n/a	479471	1111
468.982421875	n/a	480239	2622
469.044921875	n/a	480303	4220
469.1796875	n/a	480441	4311
469.2470703125	n/a	480510	1112
471.1337890625	n/a	482442	4210
472.798828125	n/a	484147	4312
474.4150390625	n/a	485802	1111
474.783203125	n/a	486179	4311
474.7939453125	n/a	486190	1112
476.7412109375	n/a	488184	4312
479.8525390625	n/a	491370	1121
480.708984375	n/a	492247	4311
480.765625	n/a	492305	1122
480.818359375	n/a	492359	4230
482.6708984375	n/a	494256	4210
484.416015625	n/a	496043	4312
486.5078125	n/a	498185	1111
487.28515625	n/a	498981	4220
487.4208984375	n/a	499120	4311
487.4775390625	n/a	499178	1112
489.658203125	n/a	501411	4210
490.6904296875	n/a	502468	4230
492.646484375	n/a	504471	4210
492.9169921875	n/a	504748	4312
496.3466796875	n/a	508260	1311
496.4853515625	n/a	508402	1312
501.04296875	n/a	513069	3200
501.4814453125	n/a	513518	2621
501.501953125	n/a	513539	1121
501.9140625	n/a	513961	4311
501.935546875	n/a	513983	1122
502.2783203125	n/a	514334	4230
503.08203125	n/a	515157	4210
505.7294921875	n/a	517868	4312
508.001953125	n/a	520195	1111
508.9833984375	n/a	521200	4311
509.05078125	n/a	521269	1112
509.103515625	n/a	521323	4220
509.9814453125	n/a	522222	2622
511.10546875	n/a	523373	4210
513.1337890625	n/a	525450	4312
514.2158203125	n/a	526558	1121
514.984375	n/a	527345	4230
515.162109375	n/a	527527	4311
515.2294921875	n/a	527596	1122
517.5078125	n/a	529929	4210
518.5390625	n/a	530985	4312
520.2841796875	n/a	532772	1121
521.1455078125	n/a	533654	4311
521.203125	n/a	533713	1122
521.255859375	n/a	533767	4230
523.1591796875	n/a	535716	4210
524.373046875	n/a	536959	4312
528.9951171875	n/a	541692	1311
529.1416015625	n/a	541842	1312
529.16015625	n/a	541861	1121
529.8505859375	n/a	542568	4230
529.994140625	n/a	542715	4311
530.05078125	n/a	542773	1122
531.9375	n/a	544705	4210
533.1826171875	n/a	545980	4220
534.2255859375	n/a	547048	4210
534.525390625	n/a	547355	4312
536.328125	n/a	549201	1111
536.9873046875	n/a	549876	4311
537.03125	n/a	549921	1112
537.10546875	n/a	549997	4220
537.9951171875	n/a	550908	1311
538.1259765625	n/a	551042	1312
538.759765625	n/a	551691	4210
539.47265625	n/a	552421	4312
540.5439453125	n/a	553518	1311
540.654296875	n/a	553631	1312
541.708984375	n/a	554711	3200
541.9814453125	n/a	554990	2621
543.22265625	n/a	556261	1111
543.9833984375	n/a	557040	4220
544.09375	n/a	557153	4311
544.150390625	n/a	557211	1112
545.908203125	n/a	559011	4210
546.7001953125	n/a	559822	4230
548.4267578125	n/a	561590	1311
548.5634765625	n/a	561730	1312
548.8486328125	n/a	562022	4210
549.240234375	n/a	562423	4312
549.443359375	n/a	562631	1121
550.2099609375	n/a	563416	4230
550.4814453125	n/a	563694	2622
550.6103515625	n/a	563826	4311
550.6884765625	n/a	563906	1122
551.744140625	n/a	564987	1311
551.8662109375	n/a	565112	1312
553.31640625	n/a	566597	4210
554.849609375	n/a	568167	4312
555.8515625	n/a	569193	1111
556.73046875	n/a	570093	4220
556.7763671875	n/a	570140	4311
556.841796875	n/a	570207	1112
558.8515625	n/a	572265	4210
560.8251953125	n/a	574286	4312
561.673828125	n/a	575155	1311
561.7958984375	n/a	575280	1312
564.92578125	n/a	578485	1111
565.806640625	n/a	579387	4311
565.83984375	n/a	579421	4220
565.8623046875	n/a	579444	1112
567.6572265625	n/a	581282	4210
568.5390625	n/a	582185	4230
569.046875	n/a	582705	1311
569.173828125	n/a	582835	1312
570.07421875	n/a	583757	1311
570.212890625	n/a	583899	1312
570.8876953125	n/a	584590	4210
570.8876953125	n/a	584590	4312
572.2568359375	n/a	585992	1111
572.556640625	n/a	586299	4311
572.5673828125	n/a	586310	1112
574.021484375	n/a	587799	4312
579.443359375	n/a	593351	1311
579.5673828125	n/a	593478	1312
580.2939453125	n/a	594222	1111
581.029296875	n/a	594975	4220
581.173828125	n/a	595123	4311
581.2294921875	n/a	595180	1112
582.5341796875	n/a	596516	3200
582.98046875	n/a	596973	2621
583.4091796875	n/a	597412	4210
583.7236328125	n/a	597734	1311
583.857421875	n/a	597871	1312
584.4306640625	n/a	598458	4312
587.3427734375	n/a	601440	1311
587.48046875	n/a	601581	1312
588.0654296875	n/a	602180	1121
588.8564453125	n/a	602990	4311
588.9111328125	n/a	603046	1122
589.0458984375	n/a	603184	4230
589.576171875	n/a	603727	1311
589.66796875	n/a	603821	1312
590.99609375	n/a	605181	4210
591.23046875	n/a	605421	2622
592.0595703125	n/a	606270	4312
594.8544921875	n/a	609132	1121
595.767578125	n/a	610067	4311
595.8232421875	n/a	610124	1122
595.865234375	n/a	610167	4230
598.3798828125	n/a	612742	4210
599.4638671875	n/a	613852	4312
601.658203125	n/a	616099	1121
602.59375	n/a	617057	4311
602.638671875	n/a	617103	4230
602.66015625	n/a	617125	1122
604.595703125	n/a	619107	4210
606.3603515625	n/a	620914	4312
610.603515625	n/a	625259	1111
611.314453125	n/a	625987	4220
611.470703125	n/a	626147	4311
611.529296875	n/a	626207	1112
613.3310546875	n/a	628052	4210
614.19140625	n/a	628933	4230
616.3525390625	n/a	631146	4210
617.5341796875	n/a	632356	4312
617.7919921875	n/a	632620	1111
617.9384765625	n/a	632770	4311
617.9384765625	n/a	632770	1112
618.8798828125	n/a	633734	4312
623.2314453125	n/a	638190	3200
623.73046875	n/a	638701	2621
626.3017578125	n/a	641334	1121
627.1689453125	n/a	642222	4230
627.2236328125	n/a	642278	4311
627.291015625	n/a	642347	1122
629.2626953125	n/a	644366	4210
630.2919921875	n/a	645420	4220
631.4423828125	n/a	646598	4210
631.7294921875	n/a	646892	2622
632.26171875	n/a	647437	4312
634.7763671875	n/a	650012	1111
635.525390625	n/a	650779	4311
635.5703125	n/a	650825	1112
635.6416015625	n/a	650898	4220
637.3818359375	n/a	652680	4210
638.642578125	n/a	653971	4230
639.841796875	n/a	655199	4210
641.3818359375	n/a	656776	1111
642.1923828125	n/a	657606	4220
642.42578125	n/a	657845	4311
642.4931640625	n/a	657914	1112
644.5546875	n/a	660025	4210
647.015625	n/a	662545	4312
652.01953125	n/a	667669	1311
652.1591796875	n/a	667812	1312
655.9736328125	n/a	671718	1121
656.841796875	n/a	672607	4311
656.8525390625	n/a	672618	4230
656.896484375	n/a	672663	1122
658.798828125	n/a	674611	4210
659.96875	n/a	675809	4220
660.6875	n/a	676545	4210
663.6201171875	n/a	679548	4312
663.822265625	n/a	679755	1111
664.0	n/a	679937	3200
664.4794921875	n/a	680428	2621
664.5556640625	n/a	680506	4311
664.6005859375	n/a	680552	1112
664.712890625	n/a	680667	4220
666.2333984375	n/a	682224	4210
666.9736328125	n/a	682982	4312
668.318359375	n/a	684359	1311
668.44921875	n/a	684493	1312
672.4794921875	n/a	688620	2622
672.8330078125	n/a	688982	1121
673.6728515625	n/a	689842	4311
673.7294921875	n/a	689900	1122
673.8515625	n/a	690025	4230
675.4208984375	n/a	691632	4210
676.2802734375	n/a	692512	4312
676.7607421875	n/a	693004	4220
677.740234375	n/a	694007	4210
679.8681640625	n/a	696186	1311
680.0	n/a	696321	1312
680.298828125	n/a	696627	1121
681.2021484375	n/a	697552	4230
681.2021484375	n/a	697552	4311
681.2578125	n/a	697609	1122
683.3203125	n/a	699721	4210
684.521484375	n/a	700951	4220
686.505859375	n/a	702983	4210
687.15234375	n/a	703645	4312
687.267578125	n/a	703763	1311
687.4150390625	n/a	703914	1312
687.7314453125	n/a	704238	1121
688.388671875	n/a	704911	1311
688.51953125	n/a	705045	1312
688.6435546875	n/a	705172	4311
688.6982421875	n/a	705228	1122
688.720703125	n/a	705251	4230
690.890625	n/a	707473	4210
692.2822265625	n/a	708898	4312
693.6923828125	n/a	710342	4220
694.611328125	n/a	711283	4210
696.4970703125	n/a	713214	1111
697.1640625	n/a	713897	4220
697.3203125	n/a	714057	4311
697.375	n/a	714113	1112
699.677734375	n/a	716471	4210
701.748046875	n/a	718591	4312
704.2978515625	n/a	721202	1111
704.822265625	n/a	721739	3200
704.9892578125	n/a	721910	4220
705.228515625	n/a	722155	2621
705.2890625	n/a	722217	4311
705.353515625	n/a	722283	1112
708.5966796875	n/a	725604	4210
709.4169921875	n/a	726444	4312
711.4208984375	n/a	728496	1311
711.560546875	n/a	728639	1312
713.478515625	n/a	730603	2622
713.595703125	n/a	730723	1121
714.47265625	n/a	731621	4311
714.529296875	n/a	731679	1122
714.552734375	n/a	731703	4230
716.4501953125	n/a	733646	4210
719.7197265625	n/a	736994	4312
721.095703125	n/a	738403	1111
721.9072265625	n/a	739234	4220
721.9521484375	n/a	739280	4311
722.0078125	n/a	739337	1112
723.6904296875	n/a	741060	1311
723.7822265625	n/a	741154	1312
724.1396484375	n/a	741520	4210
728.2880859375	n/a	745768	4312
729.5849609375	n/a	747096	1121
730.353515625	n/a	747883	4230
730.4423828125	n/a	747974	4311
730.4970703125	n/a	748030	1122
732.759765625	n/a	750347	4210
734.099609375	n/a	751719	4312
736.3955078125	n/a	754070	1121
737.12890625	n/a	754821	4230
737.12890625	n/a	754821	4311
737.1728515625	n/a	754866	1122
737.2373046875	n/a	754932	1311
737.373046875	n/a	755071	1312
738.904296875	n/a	756639	4210
739.2861328125	n/a	757030	1311
739.421875	n/a	757169	1312
739.8642578125	n/a	757622	4220
741.00390625	n/a	758789	4210
742.2451171875	n/a	760060	4312
745.435546875	n/a	763327	3200
745.728515625	n/a	763627	2621
747.0361328125	n/a	764966	1121
747.9150390625	n/a	765866	4230
747.94921875	n/a	765901	4311
748.00390625	n/a	765957	1122
748.716796875	n/a	766687	1311
748.8193359375	n/a	766792	1312
749.966796875	n/a	767967	4210
750.9873046875	n/a	769012	4220
751.2666015625	n/a	769298	1311
751.4013671875	n/a	769436	1312
752.197265625	n/a	770251	4210
752.5771484375	n/a	770640	4312
753.560546875	n/a	771647	1121
753.978515625	n/a	772075	2622
754.462890625	n/a	772571	4311
754.4853515625	n/a	772594	4230
754.5185546875	n/a	772628	1122
756.560546875	n/a	774719	4210
757.7197265625	n/a	775906	4220
758.5205078125	n/a	776726	4210
759.7060546875	n/a	777940	4312
759.9365234375	n/a	778176	1121
760.765625	n/a	779025	4311
760.7958984375	n/a	779056	4230
760.81640625	n/a	779077	1122
762.646484375	n/a	780951	4210
763.7060546875	n/a	782036	4220
764.765625	n/a	783121	1311
764.8984375	n/a	783257	1312
764.92578125	n/a	783285	4210
766.2890625	n/a	784681	1311
766.365234375	n/a	784759	4312
766.3876953125	n/a	784782	1312
768.3740234375	n/a	786816	1111
768.384765625	n/a	786827	1311
768.505859375	n/a	786951	1312
768.6845703125	n/a	787134	4311
768.6962890625	n/a	787146	1112
769.7880859375	n/a	788264	4312
769.96484375	n/a	788445	1311
770.0625	n/a	788545	1312
773.03515625	n/a	791589	1311
773.1748046875	n/a	791732	1312
774.96875	n/a	793569	4220
775.3623046875	n/a	793972	1111
776.0185546875	n/a	794644	4311
776.0625	n/a	794689	1112
777.8955078125	n/a	796566	4210
781.8310546875	n/a	800596	1121
782.6767578125	n/a	801462	4311
782.732421875	n/a	801519	1122
782.9345703125	n/a	801726	4230
784.2236328125	n/a	803046	4210
785.3349609375	n/a	804184	4220
785.5146484375	n/a	804368	3200
785.9775390625	n/a	804842	2621
786.474609375	n/a	805351	4210
786.89453125	n/a	805781	4312
787.634765625	n/a	806539	1311
787.7744140625	n/a	806682	1312
788.400390625	n/a	807323	1121
789.267578125	n/a	808211	4311
789.2783203125	n/a	808222	4230
789.322265625	n/a	808267	1122
791.134765625	n/a	810123	4210
791.96484375	n/a	810973	4312
792.314453125	n/a	811331	4220
793.1845703125	n/a	812222	4210
793.9345703125	n/a	812990	1311
793.9775390625	n/a	813034	2622
794.056640625	n/a	813115	1312
797.1044921875	n/a	816236	1111
797.9052734375	n/a	817056	4311
797.9609375	n/a	817113	1112
797.9716796875	n/a	817124	4220
799.9326171875	n/a	819132	4210
801.1826171875	n/a	820412	4312
803.8642578125	n/a	823158	1311
803.998046875	n/a	823295	1312
804.064453125	n/a	823363	1121
804.900390625	n/a	824219	4230
805.001953125	n/a	824323	4311
805.017578125	n/a	824339	1311
805.0673828125	n/a	824390	1122
805.1455078125	n/a	824470	1312
807.3193359375	n/a	826696	4210
808.69921875	n/a	828109	4312
809.61328125	n/a	829045	1311
809.734375	n/a	829169	1312
810.134765625	n/a	829579	1311
810.251953125	n/a	829699	1312
811.0673828125	n/a	830534	1111
811.791015625	n/a	831275	4220
811.8916015625	n/a	831378	4311
811.9482421875	n/a	831436	1112
814.0302734375	n/a	833568	4210
815.8896484375	n/a	835472	4312
822.0234375	n/a	841753	1121
822.8349609375	n/a	842584	4311
822.8916015625	n/a	842642	1122
823.013671875	n/a	842767	4230
825.2119140625	n/a	845018	4210
825.7021484375	n/a	845520	3200
826.2275390625	n/a	846058	2621
826.8369140625	n/a	846682	4312
830.7685546875	n/a	850708	1111
831.513671875	n/a	851471	4311
831.5478515625	n/a	851506	4220
831.5595703125	n/a	851518	1112
833.3525390625	n/a	853354	4210
833.8916015625	n/a	853906	4312
833.9775390625	n/a	853994	2622
838.5498046875	n/a	858676	1111
838.982421875	n/a	859119	1311
839.1142578125	n/a	859254	1312
839.384765625	n/a	859531	4220
839.3974609375	n/a	859544	4311
839.4521484375	n/a	859600	1112
841.1748046875	n/a	861364	4210
841.9853515625	n/a	862194	4230
845.232421875	n/a	865519	1311
845.3359375	n/a	865625	1312
845.5595703125	n/a	865854	1121
846.41015625	n/a	866725	4311
846.46484375	n/a	866781	1122
848.2265625	n/a	868585	4210
848.7568359375	n/a	869128	4312
849.4619140625	n/a	869850	1311
849.572265625	n/a	869963	1312
849.8671875	n/a	870265	4220
850.416015625	n/a	870827	4210
851.6669921875	n/a	872108	1111
852.14453125	n/a	872597	4220
852.3447265625	n/a	872802	4311
852.388671875	n/a	872847	1112
854.0908203125	n/a	874590	4210
854.73046875	n/a	875245	4312
860.4931640625	n/a	881146	1111
861.2822265625	n/a	881954	4311
861.337890625	n/a	882011	1112
861.4697265625	n/a	882146	4220
862.9296875	n/a	883641	4210
864.7900390625	n/a	885546	3200
864.8896484375	n/a	885648	4312
865.2265625	n/a	885993	2621
865.662109375	n/a	886439	1311
865.80859375	n/a	886589	1312
867.76953125	n/a	888597	1121
868.5947265625	n/a	889442	4311
868.6171875	n/a	889465	4230
868.6513671875	n/a	889500	1122
868.931640625	n/a	889787	1311
869.037109375	n/a	889895	1312
870.6240234375	n/a	891520	4210
871.5439453125	n/a	892462	4220
872.5625	n/a	893505	4210
872.7265625	n/a	893673	2622
874.18359375	n/a	895165	1121
874.9736328125	n/a	895974	4230
875.017578125	n/a	896019	4311
875.0732421875	n/a	896076	1122
876.755859375	n/a	897799	4210
878.64453125	n/a	899733	4312
878.8349609375	n/a	899928	1311
878.970703125	n/a	900067	1312
880.4990234375	n/a	901632	1121
881.5146484375	n/a	902672	4230
881.5146484375	n/a	902672	4311
881.580078125	n/a	902739	1122
884.0224609375	n/a	905240	4210
885.181640625	n/a	906427	1311
885.291015625	n/a	906539	1312
886.0791015625	n/a	907346	4312
886.91015625	n/a	908197	1121
887.4208984375	n/a	908720	4311
887.443359375	n/a	908743	1122
887.9111328125	n/a	909222	1311
888.0185546875	n/a	909332	1312
891.4345703125	n/a	912830	4312
894.8603515625	n/a	916338	1121
895.802734375	n/a	917303	4230
895.892578125	n/a	917395	4311
895.958984375	n/a	917463	1122
898.732421875	n/a	920303	4210
899.611328125	n/a	921203	4312
901.9814453125	n/a	923630	1311
902.0859375	n/a	923737	1312
902.490234375	n/a	924151	1111
903.3818359375	n/a	925064	4220
903.3935546875	n/a	925076	4311
903.4482421875	n/a	925132	1112
904.23046875	n/a	925933	3200
904.7265625	n/a	926441	2621
905.990234375	n/a	927735	4210
908.9453125	n/a	930761	4312
909.0908203125	n/a	930910	1121
909.9140625	n/a	931753	4230
910.0927734375	n/a	931936	4311
910.16015625	n/a	932005	1122
912.4130859375	n/a	934312	4210
912.9755859375	n/a	934888	2622
913.572265625	n/a	935499	4220
914.6328125	n/a	936585	1311
914.7255859375	n/a	936680	4210
914.7392578125	n/a	936694	1312
915.6953125	n/a	937673	1121
916.3505859375	n/a	938344	4311
916.39453125	n/a	938389	1122
916.5966796875	n/a	938596	4230
918.3271484375	n/a	940368	4210
920.416015625	n/a	942507	4312
924.04296875	n/a	946221	1111
924.810546875	n/a	947007	4220
924.921875	n/a	947121	4311
924.9765625	n/a	947177	1112
926.888671875	n/a	949135	4210
927.5791015625	n/a	949842	4230
929.138671875	n/a	951439	4210
930.158203125	n/a	952483	4312
930.36328125	n/a	952693	1311
930.494140625	n/a	952827	1312
931.48046875	n/a	953837	1311
931.5869140625	n/a	953946	1312
935.609375	n/a	958065	1311
935.7490234375	n/a	958208	1312
939.7939453125	n/a	962350	1121
940.7392578125	n/a	963318	4230
940.7626953125	n/a	963342	4311
940.828125	n/a	963409	1122
942.9208984375	n/a	965552	4210
943.7802734375	n/a	966432	4312
943.8603515625	n/a	966514	4220
944.8994140625	n/a	967578	4210
945.439453125	n/a	968131	3200
945.9755859375	n/a	968680	2621
948.0390625	n/a	970793	1121
948.80859375	n/a	971581	1311
948.9404296875	n/a	971716	1312
948.962890625	n/a	971739	4311
949.0068359375	n/a	971784	4230
949.0283203125	n/a	971806	1122
950.7705078125	n/a	973590	4210
951.630859375	n/a	974471	4220
953.0	n/a	975873	4210
954.0234375	n/a	976921	4312
954.2255859375	n/a	977128	2622
954.548828125	n/a	977459	1121
955.384765625	n/a	978315	4311
955.3955078125	n/a	978326	4230
955.439453125	n/a	978371	1122
957.3515625	n/a	980329	4210
958.5517578125	n/a	981558	4220
959.6005859375	n/a	982632	4210
959.9404296875	n/a	982980	4312
963.478515625	n/a	986603	1311
963.6015625	n/a	986729	1312
963.8662109375	n/a	987000	1111
964.748046875	n/a	987903	4311
964.7587890625	n/a	987914	4220
964.8046875	n/a	987961	1112
966.53515625	n/a	989733	4210
967.384765625	n/a	990603	4230
968.6162109375	n/a	991864	4210
968.6162109375	n/a	991864	4312
971.5498046875	n/a	994868	1121
972.29296875	n/a	995629	4311
972.3369140625	n/a	995674	1122
972.4599609375	n/a	995800	4230
974.5205078125	n/a	997910	4210
977.134765625	n/a	1000587	4312
980.412109375	n/a	1003943	1121
981.1806640625	n/a	1004730	4311
981.224609375	n/a	1004775	4230
981.224609375	n/a	1004775	1122
981.9580078125	n/a	1005526	1311
982.1044921875	n/a	1005676	1312
983.046875	n/a	1006641	4210
983.857421875	n/a	1007471	4312
986.3662109375	n/a	1010040	3200
986.724609375	n/a	1010407	2621
987.0576171875	n/a	1010748	1311
987.1650390625	n/a	1010858	1312
988.41796875	n/a	1012141	1121
989.2080078125	n/a	1012950	4230
989.2734375	n/a	1013017	4311
989.330078125	n/a	1013075	1122
992.203125	n/a	1016017	4210
992.501953125	n/a	1016323	4312
994.974609375	n/a	1018855	2622
995.6279296875	n/a	1019524	1121
996.41015625	n/a	1020325	4311
996.455078125	n/a	1020371	1122
996.716796875	n/a	1020639	4230
998.287109375	n/a	1022247	4210
998.646484375	n/a	1022615	4312
1000.3271484375	n/a	1024336	1311
1000.4765625	n/a	1024489	1312
1004.083984375	n/a	1028183	1111
1004.943359375	n/a	1029063	4311
1004.9658203125	n/a	1029086	4220
1004.9990234375	n/a	1029120	1112
1006.98046875	n/a	1031149	4210
1008.3916015625	n/a	1032594	4312
1010.8564453125	n/a	1035118	1311
1010.9580078125	n/a	1035222	1312
1019.69921875	n/a	1044173	1121
1020.5771484375	n/a	1045072	4230
1020.7216796875	n/a	1045220	4311
1020.7880859375	n/a	1045288	1122
1023.1806640625	n/a	1047738	4210
1024.2490234375	n/a	1048832	4220
1026.6923828125	n/a	1051334	3200
1026.7705078125	n/a	1051414	4210
1026.8505859375	n/a	1051496	1111
1027.224609375	n/a	1051879	2621
1027.3837890625	n/a	1052042	4220
1027.8857421875	n/a	1052556	4311
1027.9521484375	n/a	1052624	1112
1030.1044921875	n/a	1054828	4210
1030.8037109375	n/a	1055544	4230
1033.126953125	n/a	1057923	4210
1033.126953125	n/a	1057923	1111
1033.560546875	n/a	1058367	4311
1033.5830078125	n/a	1058390	1112
1035.224609375	n/a	1060071	2622
1036.59375	n/a	1061473	4312
1037.4560546875	n/a	1062356	1311
1037.5634765625	n/a	1062466	1312
1038.640625	n/a	1063569	1111
1039.521484375	n/a	1064471	4311
1039.5771484375	n/a	1064528	1112
1039.62890625	n/a	1064581	4220
1041.458984375	n/a	1066455	4210
1042.1884765625	n/a	1067202	4230
1044.5185546875	n/a	1069588	1121
1045.51953125	n/a	1070613	4311
1045.5849609375	n/a	1070680	1122
1048.52734375	n/a	1073693	4210
1049.4970703125	n/a	1074686	4312
1050.0830078125	n/a	1075286	4230
1050.408203125	n/a	1075619	1111
1050.8505859375	n/a	1076072	4210
1051.0947265625	n/a	1076322	4311
1051.1396484375	n/a	1076368	1112
1053.310546875	n/a	1078591	4312
1055.5751953125	n/a	1080910	1311
1055.71484375	n/a	1081053	1312
1055.8564453125	n/a	1081198	1111
1056.7236328125	n/a	1082086	4311
1056.779296875	n/a	1082143	1112
1056.841796875	n/a	1082207	4220
1058.412109375	n/a	1083815	4210
1059.392578125	n/a	1084819	4230
1061.29296875	n/a	1086765	4210
1061.8427734375	n/a	1087328	4312
1063.2265625	n/a	1088745	1311
1063.359375	n/a	1088881	1312
1067.0654296875	n/a	1092676	3200
1067.4736328125	n/a	1093094	2621
1071.0927734375	n/a	1096800	1111
1071.9267578125	n/a	1097654	4311
1071.9541015625	n/a	1097682	1311
1071.9814453125	n/a	1097710	1112
1072.064453125	n/a	1097795	4220
1072.0859375	n/a	1097817	1312
1073.7041015625	n/a	1099474	4210
1074.6337890625	n/a	1100426	4230
1075.4736328125	n/a	1101286	2622
1077.50390625	n/a	1103365	1311
1077.6142578125	n/a	1103478	1312
1077.8037109375	n/a	1103672	1121
1078.2373046875	n/a	1104116	4311
1078.259765625	n/a	1104139	1122
1080.921875	n/a	1106865	4210
1080.921875	n/a	1106865	4312
1083.1572265625	n/a	1109154	1311
1083.1865234375	n/a	1109184	1121
1083.291015625	n/a	1109291	1312
1083.978515625	n/a	1109995	4230
1084.0908203125	n/a	1110110	4311
1084.1455078125	n/a	1110166	1122
1086.337890625	n/a	1112411	4210
1086.7744140625	n/a	1112858	1311
1086.8935546875	n/a	1112980	1312
1087.7060546875	n/a	1113812	4312
1089.7421875	n/a	1115897	1111
1090.3212890625	n/a	1116490	4311
1090.35546875	n/a	1116525	1112
1090.8173828125	n/a	1116998	4220
1091.4775390625	n/a	1117674	4210
1093.478515625	n/a	1119723	4312
1095.8466796875	n/a	1122148	1111
1096.7890625	n/a	1123113	4311
1096.8564453125	n/a	1123182	1112
1096.9189453125	n/a	1123246	4220
1097.623046875	n/a	1123967	1311
1097.7490234375	n/a	1124096	1312
1098.888671875	n/a	1125263	4210
1100.048828125	n/a	1126451	4230
1101.623046875	n/a	1128063	1311
1101.71875	n/a	1128161	1312
1102.240234375	n/a	1128695	1121
1103.119140625	n/a	1129595	4311
1103.1767578125	n/a	1129654	1122
1105.802734375	n/a	1132343	1311
1105.92578125	n/a	1132469	1312
1105.9892578125	n/a	1132534	4210
1106.779296875	n/a	1133343	4312
1107.228515625	n/a	1133803	3200
1107.4736328125	n/a	1134054	2621
1110.6728515625	n/a	1137330	1121
1110.9267578125	n/a	1137590	1311
1111.0625	n/a	1137729	1312
1111.5419921875	n/a	1138220	4230
1111.564453125	n/a	1138243	4311
1111.6201171875	n/a	1138300	1122
1112.50390625	n/a	1139205	1311
1112.6064453125	n/a	1139310	1312
1114.19140625	n/a	1140933	4210
1115.72265625	n/a	1142501	2622
1117.6708984375	n/a	1144496	4312
1118.21875	n/a	1145057	1111
1119.1640625	n/a	1146025	4311
1119.2197265625	n/a	1146082	4220
1119.2314453125	n/a	1146094	1112
1121.103515625	n/a	1148011	4210
1122.5634765625	n/a	1149506	4312
1124.94140625	n/a	1151941	1121
1125.8427734375	n/a	1152864	4311
1125.853515625	n/a	1152875	4230
1125.8984375	n/a	1152921	1122
1127.90234375	n/a	1154973	1311
1128.005859375	n/a	1155079	1312
1128.419921875	n/a	1155503	4210
1128.4599609375	n/a	1155544	4312
1131.498046875	n/a	1158655	1121
1132.3193359375	n/a	1159496	4311
1132.375	n/a	1159553	4230
1132.375	n/a	1159553	1122
1134.6455078125	n/a	1161878	4210
1136.935546875	n/a	1164223	4312
1140.091796875	n/a	1167455	1111
1140.96875	n/a	1168353	4311
1141.013671875	n/a	1168399	4220
1141.0244140625	n/a	1168410	1112
1142.8564453125	n/a	1170286	4210
1143.49609375	n/a	1170941	4312
1144.576171875	n/a	1172047	4230
1145.3359375	n/a	1172825	4210
1147.0654296875	n/a	1174596	1111
1147.921875	n/a	1175473	4311
1147.9775390625	n/a	1175530	1112
1148.0595703125	n/a	1175614	3200
1148.0693359375	n/a	1175624	4220
1148.47265625	n/a	1176037	2621
1149.9287109375	n/a	1177528	4210
1151.4482421875	n/a	1179084	4312
1153.1025390625	n/a	1180778	1311
1153.115234375	n/a	1180791	1111
1153.23828125	n/a	1180917	1312
1153.8828125	n/a	1181577	4311
1153.9267578125	n/a	1181622	1112
1154.12890625	n/a	1181829	4220
1155.6396484375	n/a	1183376	4210
1156.47265625	n/a	1184229	2622
1157.279296875	n/a	1185055	4230
1158.169921875	n/a	1185967	4210
1158.544921875	n/a	1186351	4312
1161.9638671875	n/a	1189852	1121
1162.8193359375	n/a	1190728	4230
1162.974609375	n/a	1190887	4311
1163.041015625	n/a	1190955	1122
1163.4248046875	n/a	1191348	1311
1163.5517578125	n/a	1191478	1312
1165.482421875	n/a	1193455	4210
1167.2021484375	n/a	1195216	4312
1170.201171875	n/a	1198287	1121
1171.11328125	n/a	1199221	4230
1171.19140625	n/a	1199301	4311
1171.2587890625	n/a	1199370	1122
1173.689453125	n/a	1201859	4210
1174.150390625	n/a	1202331	1311
1174.30078125	n/a	1202485	1312
1174.9091796875	n/a	1203108	4220
1176.6337890625	n/a	1204874	4210
1176.736328125	n/a	1204979	1111
1177.404296875	n/a	1205663	4220
1177.572265625	n/a	1205835	4311
1177.626953125	n/a	1205891	1112
1179.66015625	n/a	1207973	4210
1181.259765625	n/a	1209611	4312
1182.9931640625	n/a	1211386	1111
1183.037109375	n/a	1211431	1112
1188.2314453125	n/a	1216750	3200
1188.2890625	n/a	1216809	1121
1188.7216796875	n/a	1217252	2621
1189.1171875	n/a	1217657	4230
1189.205078125	n/a	1217747	4311
1189.2607421875	n/a	1217804	1122
1191.2001953125	n/a	1219790	1311
1191.29296875	n/a	1219885	4210
1191.3056640625	n/a	1219898	1312
1192.2734375	n/a	1220889	4220
1193.181640625	n/a	1221819	4210
1193.9833984375	n/a	1222640	4312
1194.7001953125	n/a	1223374	1311
1194.82421875	n/a	1223501	1312
1195.7001953125	n/a	1224398	1311
1195.82421875	n/a	1224525	1312
1196.7216796875	n/a	1225444	2622
1197.4169921875	n/a	1226156	1111
1198.396484375	n/a	1227159	4220
1198.4189453125	n/a	1227182	4311
1198.4208984375	n/a	1227184	1311
1198.4853515625	n/a	1227250	1112
1198.521484375	n/a	1227287	1312
1200.5068359375	n/a	1229320	4210
1201.216796875	n/a	1230047	4230
1202.6865234375	n/a	1231552	4210
1203.6845703125	n/a	1232574	4312
1209.71484375	n/a	1238749	1111
1210.166015625	n/a	1239211	4311
1210.1875	n/a	1239233	1112
1213.5009765625	n/a	1242626	4312
1215.646484375	n/a	1244823	1111
1216.4716796875	n/a	1245668	4311
1216.52734375	n/a	1245725	1112
1216.6396484375	n/a	1245840	4220
1218.5693359375	n/a	1247816	4210
1220.9462890625	n/a	1250250	4312
1221.8720703125	n/a	1251198	1111
1222.5390625	n/a	1251881	4311
1222.583984375	n/a	1251927	1112
1222.666015625	n/a	1252011	4220
1224.916015625	n/a	1254315	4210
1226.39453125	n/a	1255829	4312
1228.53515625	n/a	1258021	3200
1228.9716796875	n/a	1258468	2621
1230.8349609375	n/a	1260376	1121
1231.7822265625	n/a	1261346	4311
1231.849609375	n/a	1261415	4230
1231.849609375	n/a	1261415	1122
1234.3408203125	n/a	1263966	4210
1235.220703125	n/a	1264867	4312
1237.2216796875	n/a	1266916	2622
1238.4248046875	n/a	1268148	1121
1239.1591796875	n/a	1268900	4230
1239.3369140625	n/a	1269082	4311
1239.392578125	n/a	1269139	1122
1240.6689453125	n/a	1270446	1311
1240.7900390625	n/a	1270570	1312
1241.4345703125	n/a	1271230	4210
1242.3046875	n/a	1272121	4220
1245.064453125	n/a	1274947	1121
1245.7099609375	n/a	1275608	4210
1246.0234375	n/a	1275929	4311
1246.08984375	n/a	1275997	1122
1246.36328125	n/a	1276277	4230
1246.421875	n/a	1276337	1311
1246.5498046875	n/a	1276468	1312
1246.921875	n/a	1276849	1311
1247.0537109375	n/a	1276984	1312
1248.025390625	n/a	1277979	4210
1248.1455078125	n/a	1278102	4312
1251.673828125	n/a	1281715	1121
1252.4970703125	n/a	1282558	4311
1252.552734375	n/a	1282615	1122
1252.625	n/a	1282689	4230
1254.50390625	n/a	1284613	4210
1256.0537109375	n/a	1286200	4220
1258.302734375	n/a	1288503	4210
1258.443359375	n/a	1288647	4312
1260.23046875	n/a	1290477	1111
1261.033203125	n/a	1291299	4220
1261.201171875	n/a	1291471	4311
1261.2666015625	n/a	1291538	1112
1263.3486328125	n/a	1293670	4210
1264.21875	n/a	1294561	4230
1265.41796875	n/a	1295789	1311
1265.564453125	n/a	1295939	1312
1268.068359375	n/a	1298503	1121
1268.2021484375	n/a	1298640	4210
1268.423828125	n/a	1298867	4230
1269.0595703125	n/a	1299518	4311
1269.1259765625	n/a	1299586	1122
1269.896484375	n/a	1300375	3200
1270.220703125	n/a	1300707	2621
1271.2236328125	n/a	1301734	4210
1272.5693359375	n/a	1303112	4220
1272.7890625	n/a	1303337	4210
1273.6513671875	n/a	1304220	4312
1277.27734375	n/a	1307933	1121
1277.9189453125	n/a	1308590	1311
1278.0517578125	n/a	1308726	1312
1278.15625	n/a	1308833	4311
1278.2119140625	n/a	1308890	1122
1278.244140625	n/a	1308923	4230
1278.470703125	n/a	1309155	2622
1279.9267578125	n/a	1310646	4210
1281.23046875	n/a	1311981	4312
1284.6767578125	n/a	1315510	1121
1285.5107421875	n/a	1316364	4230
1285.5341796875	n/a	1316388	4311
1285.5888671875	n/a	1316444	1122
1287.8271484375	n/a	1318736	4210
1287.8271484375	n/a	1318736	4312
1289.2470703125	n/a	1320190	1311
1289.390625	n/a	1320337	1312
1291.1572265625	n/a	1322146	1121
1292.0693359375	n/a	1323080	4311
1292.125	n/a	1323137	1122
1292.1357421875	n/a	1323148	4230
1294.5439453125	n/a	1325614	4210
1296.208984375	n/a	1327319	4312
1300.609375	n/a	1331825	1121
1301.099609375	n/a	1332327	4230
1301.3896484375	n/a	1332624	4311
1301.43359375	n/a	1332669	1122
1302.2958984375	n/a	1333552	1311
1302.4267578125	n/a	1333686	1312
1303.54296875	n/a	1334829	4210
1305.1875	n/a	1336513	4312
1309.4658203125	n/a	1340894	1311
1309.60546875	n/a	1341037	1312
1310.3134765625	n/a	1341762	3200
1310.4658203125	n/a	1341918	1311
1310.60546875	n/a	1342061	1312
1310.720703125	n/a	1342179	2621
1311.4677734375	n/a	1342944	1311
1311.60546875	n/a	1343085	1312
1313.330078125	n/a	1344851	1121
1314.2578125	n/a	1345801	4230
1314.2685546875	n/a	1345812	4311
1314.333984375	n/a	1345879	1122
1316.142578125	n/a	1347731	4210
1317.40625	n/a	1349025	4312
1317.7666015625	n/a	1349394	1311
1317.900390625	n/a	1349531	1312
1318.7666015625	n/a	1350418	1311
1318.869140625	n/a	1350523	1312
1318.970703125	n/a	1350627	2622
1320.130859375	n/a	1351815	1111
1320.919921875	n/a	1352623	4311
1320.9755859375	n/a	1352680	1112
1321.09765625	n/a	1352805	4220
1323.0341796875	n/a	1354788	4210
1324.66015625	n/a	1356453	4312
1324.7197265625	n/a	1356514	4230
1325.5458984375	n/a	1357360	1311
1325.6943359375	n/a	1357512	1312
1325.8134765625	n/a	1357634	4210
1326.044921875	n/a	1357871	1311
1326.1748046875	n/a	1358004	1312
1327.56640625	n/a	1359429	1311
1327.693359375	n/a	1359559	1312
1333.9892578125	n/a	1366006	1111
1334.8359375	n/a	1366873	4311
1334.8583984375	n/a	1366896	4220
1334.8916015625	n/a	1366930	1112
1337.1484375	n/a	1369241	4210
1339.8623046875	n/a	1372020	1121
1340.1943359375	n/a	1372360	4230
1340.826171875	n/a	1373007	4311
1340.8876953125	n/a	1373070	1122
1342.96484375	n/a	1375197	1311
1343.068359375	n/a	1375303	1312
1343.234375	n/a	1375473	4210
1344.1767578125	n/a	1376438	4220
1345.755859375	n/a	1378055	4210
1345.7822265625	n/a	1378082	1121
1346.2724609375	n/a	1378584	4311
1346.2958984375	n/a	1378608	1122
1348.1181640625	n/a	1380474	1311
1348.1240234375	n/a	1380480	4312
1348.24609375	n/a	1380605	1312
1350.810546875	n/a	1383231	3200
1351.060546875	n/a	1383487	1121
1351.2197265625	n/a	1383650	2621
1351.974609375	n/a	1384423	4311
1351.9873046875	n/a	1384436	4230
1352.0322265625	n/a	1384482	1122
1354.30859375	n/a	1386813	4210
1354.8154296875	n/a	1387332	1311
1354.9423828125	n/a	1387462	1312
1355.6630859375	n/a	1388200	4220
1356.3271484375	n/a	1388880	4210
1356.4072265625	n/a	1388962	4312
1357.478515625	n/a	1390059	1121
1357.5009765625	n/a	1390082	1122
1359.2197265625	n/a	1391842	2622
1360.89453125	n/a	1393557	1311
1361.001953125	n/a	1393667	1312
1362.8359375	n/a	1395545	1121
1363.68359375	n/a	1396413	4230
1363.7607421875	n/a	1396492	4311
1363.828125	n/a	1396561	1122
1366.5185546875	n/a	1399316	4210
1366.59765625	n/a	1399397	1311
1366.6953125	n/a	1399497	1312
1368.314453125	n/a	1401155	4312
1368.5966796875	n/a	1401444	1311
1368.728515625	n/a	1401579	1312
1369.048828125	n/a	1401907	1121
1369.9287109375	n/a	1402808	4230
1370.01953125	n/a	1402901	4311
1370.0869140625	n/a	1402970	1122
1372.5771484375	n/a	1405520	4210
1375.20703125	n/a	1408213	1121
1375.451171875	n/a	1408463	4311
1375.451171875	n/a	1408463	1122
1377.0078125	n/a	1410057	4312
1379.4130859375	n/a	1412520	1311
1379.5234375	n/a	1412633	1312
1380.4462890625	n/a	1413578	1121
1380.4638671875	n/a	1413596	1311
1380.5908203125	n/a	1413726	1312
1381.04296875	n/a	1414189	1311
1381.1904296875	n/a	1414340	1312
1381.330078125	n/a	1414483	4311
1381.3857421875	n/a	1414540	1122
1381.45703125	n/a	1414613	4230
1383.4228515625	n/a	1416626	4210
1384.77734375	n/a	1418013	4312
1384.947265625	n/a	1418187	4220
1386.3603515625	n/a	1419634	4210
1387.0654296875	n/a	1420356	1111
1387.7763671875	n/a	1421084	4220
1387.787109375	n/a	1421095	4311
1387.8310546875	n/a	1421140	1112
1390.099609375	n/a	1423463	4210
1391.453125	n/a	1424849	3200
1391.654296875	n/a	1425055	4312
1391.9697265625	n/a	1425378	2621
1395.6298828125	n/a	1429126	1111
1396.513671875	n/a	1430031	4220
1396.5458984375	n/a	1430064	4311
1396.6015625	n/a	1430121	1112
1398.6416015625	n/a	1432210	4210
1399.4833984375	n/a	1433072	4230
1399.96875	n/a	1433569	2622
1401.6298828125	n/a	1435270	4210
1401.6298828125	n/a	1435270	4312
1402.70703125	n/a	1436373	1111
1402.76171875	n/a	1436429	1112
1408.7626953125	n/a	1442574	1121
1409.5322265625	n/a	1443362	4230
1409.67578125	n/a	1443509	4311
1409.7333984375	n/a	1443568	1122
1409.7919921875	n/a	1443628	1311
1409.8857421875	n/a	1443724	1312
1411.2919921875	n/a	1445164	1311
1411.4228515625	n/a	1445298	1312
1411.9091796875	n/a	1445796	4210
1414.1962890625	n/a	1448138	4312
1415.625	n/a	1449601	1121
1416.447265625	n/a	1450443	4230
1416.4912109375	n/a	1450488	4311
1416.4931640625	n/a	1450490	1311
1416.546875	n/a	1450545	1122
1416.59375	n/a	1450593	1312
1418.7255859375	n/a	1452776	4210
1420.25	n/a	1454337	4220
1420.798828125	n/a	1454899	4210
1421.5390625	n/a	1455657	1121
1422.3828125	n/a	1456521	4311
1422.4384765625	n/a	1456578	1122
1422.4912109375	n/a	1456632	4230
1424.22265625	n/a	1458405	4210
1424.712890625	n/a	1458907	1311
1424.8173828125	n/a	1459014	1312
1427.6240234375	n/a	1461888	4312
1430.3369140625	n/a	1464666	1121
1430.7138671875	n/a	1465052	4311
1430.7265625	n/a	1465065	1122
1431.9130859375	n/a	1466280	3200
1431.97265625	n/a	1466341	4312
1432.21875	n/a	1466593	2621
1433.365234375	n/a	1467767	1311
1433.45703125	n/a	1467861	1312
1436.9423828125	n/a	1471430	1111
1437.7998046875	n/a	1472308	4220
1437.822265625	n/a	1472331	4311
1437.8779296875	n/a	1472388	1112
1439.78125	n/a	1474337	4210
1440.46875	n/a	1475041	2622
1441.091796875	n/a	1475679	1311
1441.21875	n/a	1475809	1312
1441.9189453125	n/a	1476526	4312
1443.6416015625	n/a	1478290	1311
1443.775390625	n/a	1478427	1312
1443.9814453125	n/a	1478638	1111
1444.861328125	n/a	1479539	4220
1444.91796875	n/a	1479597	4311
1444.9833984375	n/a	1479664	1112
1446.9091796875	n/a	1481636	4210
1447.603515625	n/a	1482347	4312
1448.0341796875	n/a	1482788	4230
1450.185546875	n/a	1484991	1121
1450.9912109375	n/a	1485816	1311
1451.09765625	n/a	1485925	4311
1451.1279296875	n/a	1485956	1312
1451.1533203125	n/a	1485982	1122
1452.51171875	n/a	1487373	1311
1452.650390625	n/a	1487515	1312
1453.44140625	n/a	1488325	4210
1454.3740234375	n/a	1489280	4220
1455.2568359375	n/a	1490184	4210
1456.279296875	n/a	1491231	4312
1458.4716796875	n/a	1493476	1111
1459.1435546875	n/a	1494164	4311
1459.1884765625	n/a	1494210	1112
1459.4609375	n/a	1494489	4220
1459.740234375	n/a	1494775	1311
1459.8876953125	n/a	1494926	1312
1460.5947265625	n/a	1495650	4210
1462.169921875	n/a	1497263	4230
1463.7333984375	n/a	1498864	4210
1463.7333984375	n/a	1498864	4312
1465.615234375	n/a	1500791	1111
1466.53125	n/a	1501729	4311
1466.5869140625	n/a	1501786	1112
1466.6591796875	n/a	1501860	4220
1468.50390625	n/a	1503749	4210
1469.4267578125	n/a	1504694	4230
1471.65625	n/a	1506977	4210
1472.125	n/a	1507457	1121
1472.2822265625	n/a	1507618	3200
1472.7177734375	n/a	1508064	2621
1472.8427734375	n/a	1508192	4230
1472.9931640625	n/a	1508346	4311
1473.044921875	n/a	1508399	1122
1476.0322265625	n/a	1511458	4210
1477.005859375	n/a	1512455	4312
1478.47265625	n/a	1513957	1121
1479.431640625	n/a	1514939	4311
1479.4443359375	n/a	1514952	4230
1479.4990234375	n/a	1515008	1122
1480.7177734375	n/a	1516256	2622
1481.275390625	n/a	1516827	4210
1482.068359375	n/a	1517639	4220
1484.162109375	n/a	1519783	4210
1484.8203125	n/a	1520457	1111
1485.6435546875	n/a	1521300	4220
1485.7099609375	n/a	1521368	4311
1485.765625	n/a	1521425	1112
1487.8046875	n/a	1523513	4210
1488.6376953125	n/a	1524366	4230
1490.978515625	n/a	1526763	4210
1492.6005859375	n/a	1528424	4312
1492.7626953125	n/a	1528590	1311
1492.8837890625	n/a	1528714	1312
1496.7587890625	n/a	1532682	1311
1496.9052734375	n/a	1532832	1312
1499.0654296875	n/a	1535044	1111
1499.2548828125	n/a	1535238	4311
1499.2548828125	n/a	1535238	1112
1500.0791015625	n/a	1536082	4312
1505.666015625	n/a	1541803	1111
1506.4345703125	n/a	1542590	4220
1506.490234375	n/a	1542647	4311
1506.5458984375	n/a	1542704	1112
1509.0078125	n/a	1545225	4210
1510.623046875	n/a	1546879	4312
1510.6923828125	n/a	1546950	4230
1512.2822265625	n/a	1548578	4210
1512.875	n/a	1549185	1111
1513.0751953125	n/a	1549390	3200
1513.4677734375	n/a	1549792	2621
1513.6591796875	n/a	1549988	4311
1513.7099609375	n/a	1550040	1112
1513.83984375	n/a	1550173	4220
1515.857421875	n/a	1552239	1311
1515.859375	n/a	1552241	4210
1515.953125	n/a	1552337	1312
1517.263671875	n/a	1553679	4230
1521.4677734375	n/a	1557984	2622
1522.03515625	n/a	1558565	4210
1522.306640625	n/a	1558843	4312
1523.9072265625	n/a	1560482	1311
1524.0107421875	n/a	1560588	1312
1524.908203125	n/a	1561507	1311
1525.0107421875	n/a	1561612	1312
1527.3212890625	n/a	1563978	1111
1528.1337890625	n/a	1564810	4220
1528.267578125	n/a	1564947	4311
1528.3330078125	n/a	1565014	1112
1530.4423828125	n/a	1567174	4210
1531.25390625	n/a	1568005	4230
1534.9814453125	n/a	1571822	1121
1535.025390625	n/a	1571867	4210
1535.671875	n/a	1572529	4230
1536.01953125	n/a	1572885	4311
1536.0859375	n/a	1572953	1122
1538.296875	n/a	1575217	4210
1539.0087890625	n/a	1575946	4220
1540.7958984375	n/a	1577776	4210
1541.537109375	n/a	1578535	1311
1541.6708984375	n/a	1578672	1312
1541.8349609375	n/a	1578840	1121
1542.0009765625	n/a	1579010	4311
1542.0009765625	n/a	1579010	1122
1542.6064453125	n/a	1579630	1311
1542.7041015625	n/a	1579730	1312
1543.2080078125	n/a	1580246	4312
1546.107421875	n/a	1583215	1311
1546.2080078125	n/a	1583318	1312
1549.873046875	n/a	1587071	1111
1550.609375	n/a	1587825	4311
1550.630859375	n/a	1587847	4220
1550.654296875	n/a	1587871	1112
1552.4521484375	n/a	1589712	4210
1553.6962890625	n/a	1590986	4312
1553.765625	n/a	1591057	3200
1553.81640625	n/a	1591109	4230
1554.216796875	n/a	1591519	2621
1555.0087890625	n/a	1592330	4210
1557.486328125	n/a	1594867	1311
1557.623046875	n/a	1595007	1312
1557.626953125	n/a	1595011	1111
1558.2412109375	n/a	1595640	4220
1558.5419921875	n/a	1595948	4311
1558.5966796875	n/a	1596004	1112
1560.6728515625	n/a	1598130	4210
1561.6162109375	n/a	1599096	4312
1562.216796875	n/a	1599711	2622
1572.8564453125	n/a	1610606	1111
1573.3349609375	n/a	1611096	4311
1573.3564453125	n/a	1611118	1112
1575.7099609375	n/a	1613528	4230
1577.6962890625	n/a	1615562	4210
1577.6962890625	n/a	1615562	4312
1579.8720703125	n/a	1617790	1111
1580.4716796875	n/a	1618404	4311
1580.5048828125	n/a	1618438	1112
1580.716796875	n/a	1618655	4220
1582.470703125	n/a	1620451	4210
1584.4072265625	n/a	1622434	4312
1586.9169921875	n/a	1625004	1111
1587.7978515625	n/a	1625906	4311
1587.853515625	n/a	1625963	4220
1587.853515625	n/a	1625963	1112
1589.9306640625	n/a	1628090	4210
1590.201171875	n/a	1628367	4312
1590.505859375	n/a	1628679	1311
1590.6396484375	n/a	1628816	1312
1594.39453125	n/a	1632661	3200
1594.716796875	n/a	1632991	2621
1596.3896484375	n/a	1634704	1111
1597.2890625	n/a	1635625	4311
1597.3466796875	n/a	1635684	1112
1597.3994140625	n/a	1635738	4220
1599.5556640625	n/a	1637946	4210
1601.1025390625	n/a	1639530	4230
1601.935546875	n/a	1640383	4210
1602.3349609375	n/a	1640792	4312
1602.9658203125	n/a	1641438	2622
1604.1962890625	n/a	1642698	1121
1605.0751953125	n/a	1643598	4230
1605.2529296875	n/a	1643780	4311
1605.33203125	n/a	1643861	1122
1607.6044921875	n/a	1646188	1311
1607.7294921875	n/a	1646316	1312
1608.423828125	n/a	1647027	4210
1609.7421875	n/a	1648377	4312
1611.3056640625	n/a	1649978	1121
1612.0517578125	n/a	1650742	4230
1612.2744140625	n/a	1650970	4311
1612.3408203125	n/a	1651038	1122
1614.6591796875	n/a	1653412	4210
1615.384765625	n/a	1654155	1311
1615.4833984375	n/a	1654256	4220
1615.5234375	n/a	1654297	1312
1617.068359375	n/a	1655879	4210
1617.19921875	n/a	1656013	4312
1620.431640625	n/a	1659323	1121
1621.1357421875	n/a	1660044	4230
1621.2587890625	n/a	1660170	4311
1621.314453125	n/a	1660227	1122
1623.9736328125	n/a	1662950	4210
1625.7587890625	n/a	1664778	4312
1627.71484375	n/a	1666781	1121
1628.65234375	n/a	1667741	4311
1628.6845703125	n/a	1667774	4230
1628.7177734375	n/a	1667808	1122
1630.7568359375	n/a	1669896	4210
1632.521484375	n/a	1671703	4220
1633.333984375	n/a	1672535	4210
1633.8759765625	n/a	1673090	4312
1635.080078125	n/a	1674323	3200
1635.4658203125	n/a	1674718	2621
1637.2548828125	n/a	1676550	1121
1637.9931640625	n/a	1677306	4230
1638.025390625	n/a	1677339	4311
1638.0693359375	n/a	1677384	1122
1639.7529296875	n/a	1679108	1311
1639.87890625	n/a	1679237	1312
1639.8896484375	n/a	1679248	4210
1640.75390625	n/a	1680133	1311
1640.8837890625	n/a	1680266	1312
1641.4951171875	n/a	1680892	4312
1643.0087890625	n/a	1682442	1111
1643.4658203125	n/a	1682910	4311
1643.4873046875	n/a	1682932	1112
1643.7158203125	n/a	1683166	2622
1643.919921875	n/a	1683375	4220
1645.453125	n/a	1684945	4210
1646.8271484375	n/a	1686352	4312
1648.31640625	n/a	1687877	1111
1648.6494140625	n/a	1688218	4311
1648.662109375	n/a	1688231	1112
1649.4833984375	n/a	1689072	1311
1649.6298828125	n/a	1689222	1312
1649.6669921875	n/a	1689260	4312
1653.373046875	n/a	1693055	1121
1654.2734375	n/a	1693977	4311
1654.3291015625	n/a	1694034	1122
1654.3818359375	n/a	1694088	4230
1655.15234375	n/a	1694877	1311
1655.24609375	n/a	1694973	1312
1656.978515625	n/a	1696747	4210
1659.2578125	n/a	1699081	4312
1659.71484375	n/a	1699549	1121
1660.6142578125	n/a	1700470	4311
1660.63671875	n/a	1700493	4230
1660.6708984375	n/a	1700528	1122
1663.189453125	n/a	1703107	4210
1664.41796875	n/a	1704365	4312
1668.1943359375	n/a	1708232	1121
1668.88671875	n/a	1708941	4230
1669.12109375	n/a	1709181	4311
1669.1875	n/a	1709249	1122
1671.1142578125	n/a	1711222	4210
1673.7236328125	n/a	1713894	4312
1674.58203125	n/a	1714773	1311
1674.716796875	n/a	1714911	1312
1675.7001953125	n/a	1715918	3200
1675.8046875	n/a	1716025	1121
1676.181640625	n/a	1716411	1311
1676.21484375	n/a	1716445	2621
1676.322265625	n/a	1716555	1312
1676.3486328125	n/a	1716582	4230
1676.73828125	n/a	1716981	4311
1676.8056640625	n/a	1717050	1122
1678.9453125	n/a	1719241	4210
1679.5458984375	n/a	1719856	4220
1681.9384765625	n/a	1722306	4210
1682.5302734375	n/a	1722912	1111
1683.1435546875	n/a	1723540	4311
1683.17578125	n/a	1723573	1112
1683.3291015625	n/a	1723730	4220
1683.40234375	n/a	1723805	1311
1683.51171875	n/a	1723917	1312
1684.21484375	n/a	1724637	2622
1684.6435546875	n/a	1725076	4210
1685.826171875	n/a	1726287	4230
1688.068359375	n/a	1728583	4210
1688.068359375	n/a	1728583	4312
1688.78515625	n/a	1729317	1121
1689.36328125	n/a	1729909	4230
1689.462890625	n/a	1730011	4311
1689.5068359375	n/a	1730056	1122
1691.8447265625	n/a	1732450	4210
1693.6171875	n/a	1734265	4312
1694.1015625	n/a	1734761	1311
1694.2412109375	n/a	1734904	1312
1697.2412109375	n/a	1737976	1121
1698.0966796875	n/a	1738852	4230
1698.130859375	n/a	1738887	4311
1698.185546875	n/a	1738943	1122
1701.115234375	n/a	1741943	4210
1702.6806640625	n/a	1743546	4312
1702.80078125	n/a	1743669	1311
1702.9326171875	n/a	1743804	1312
1704.228515625	n/a	1745131	1121
1705.142578125	n/a	1746067	4311
1705.19921875	n/a	1746125	1122
1705.220703125	n/a	1746147	4230
1708.337890625	n/a	1749339	4210
1709.953125	n/a	1750993	4312
1711.1494140625	n/a	1752218	1121
1712.0322265625	n/a	1753122	4311
1712.0537109375	n/a	1753144	4230
1712.0869140625	n/a	1753178	1122
1714.548828125	n/a	1755699	4210
1716.3974609375	n/a	1757592	3200
1716.71484375	n/a	1757917	2621
1717.1337890625	n/a	1758346	1111
1718.2802734375	n/a	1759520	4220
1718.5146484375	n/a	1759760	4311
1718.61328125	n/a	1759861	1112
1721.3544921875	n/a	1762668	4210
1722.3076171875	n/a	1763644	4230
1722.5283203125	n/a	1763870	4210
1723.5517578125	n/a	1764918	1121
1724.1298828125	n/a	1765510	1311
1724.2607421875	n/a	1765644	1312
1724.3974609375	n/a	1765784	4311
1724.4521484375	n/a	1765840	1122
1724.484375	n/a	1765873	4230
1725.21484375	n/a	1766621	2622
1726.6328125	n/a	1768073	4210
1726.6806640625	n/a	1768122	1311
1726.8271484375	n/a	1768272	1312
1727.064453125	n/a	1768515	4312
1732.279296875	n/a	1773855	1121
1732.970703125	n/a	1774563	4230
1733.2373046875	n/a	1774836	4311
1733.3037109375	n/a	1774904	1122
1735.9052734375	n/a	1777568	4210
1736.8994140625	n/a	1778586	1311
1737.025390625	n/a	1778715	1312
1737.189453125	n/a	1778883	4312
1739.4716796875	n/a	1781220	1121
1740.3505859375	n/a	1782120	4230
1740.384765625	n/a	1782155	4311
1740.439453125	n/a	1782211	1122
1742.7685546875	n/a	1784596	4210
1742.9697265625	n/a	1784802	4312
1743.6298828125	n/a	1785478	1311
1743.7734375	n/a	1785625	1312
1745.150390625	n/a	1787035	1311
1745.2841796875	n/a	1787172	1312
1745.697265625	n/a	1787595	1121
1746.4189453125	n/a	1788334	4230
1746.486328125	n/a	1788403	4311
1746.54296875	n/a	1788461	1122
1748.6708984375	n/a	1790640	4210
1749.845703125	n/a	1791843	4312
1751.0205078125	n/a	1793046	4220
1751.6796875	n/a	1793721	1121
1751.9228515625	n/a	1793970	4210
1752.6796875	n/a	1794745	4311
1752.7451171875	n/a	1794812	1122
1752.767578125	n/a	1794835	4230
1753.048828125	n/a	1795123	1311
1753.1669921875	n/a	1795244	1312
1754.548828125	n/a	1796659	1311
1754.6591796875	n/a	1796772	1312
1755.6533203125	n/a	1797790	4210
1756.5498046875	n/a	1798708	1311
1756.6591796875	n/a	1798820	1312
1756.828125	n/a	1798993	4312
1757.3193359375	n/a	1799496	3200
1757.7138671875	n/a	1799900	2621
1760.81640625	n/a	1803077	1111
1761.5732421875	n/a	1803852	4311
1761.6181640625	n/a	1803898	1112
1761.669921875	n/a	1803951	4220
1763.564453125	n/a	1805891	4210
1764.0458984375	n/a	1806384	4312
1765.9638671875	n/a	1808348	2622
1767.9892578125	n/a	1810422	1111
1768.9580078125	n/a	1811414	4220
1768.96875	n/a	1811425	4311
1769.0361328125	n/a	1811494	1112
1771.212890625	n/a	1813723	4210
1772.1259765625	n/a	1814658	4230
1772.9990234375	n/a	1815552	1311
1773.1455078125	n/a	1815702	1312
1774.4990234375	n/a	1817088	1111
1774.6923828125	n/a	1817286	4210
1775.3388671875	n/a	1817948	4311
1775.3935546875	n/a	1818004	1112
1775.5458984375	n/a	1818160	4220
1777.36328125	n/a	1820021	4210
1778.42578125	n/a	1821109	4312
1780.7607421875	n/a	1823500	1121
1781.529296875	n/a	1824287	4311
1781.5751953125	n/a	1824334	1122
1781.63671875	n/a	1824397	4230
1783.501953125	n/a	1826307	4210
1784.9453125	n/a	1827785	4312
1786.8271484375	n/a	1829712	1121
1787.3857421875	n/a	1830284	4311
1787.4189453125	n/a	1830318	1122
1788.0419921875	n/a	1830956	4230
1789.1845703125	n/a	1832126	4210
1789.626953125	n/a	1832579	4312
1792.6474609375	n/a	1835672	1311
1792.740234375	n/a	1835767	1312
1795.5859375	n/a	1838681	1121
1796.455078125	n/a	1839571	4311
1796.509765625	n/a	1839627	1122
1796.5712890625	n/a	1839690	4230
1798.033203125	n/a	1841187	3200
1798.4638671875	n/a	1841628	2621
1798.6455078125	n/a	1841814	4210
1800.8779296875	n/a	1844100	1311
1801.025390625	n/a	1844251	1312
1802.328125	n/a	1845585	4312
1802.986328125	n/a	1846259	1121
1803.8115234375	n/a	1847104	4311
1803.8662109375	n/a	1847160	1122
1803.939453125	n/a	1847235	4230
1806.044921875	n/a	1849391	4210
1806.7138671875	n/a	1850076	2622
1807.1982421875	n/a	1850572	4312
1809.197265625	n/a	1852619	1311
1809.3154296875	n/a	1852740	1312
1809.45703125	n/a	1852885	1111
1810.068359375	n/a	1853511	4220
1810.42578125	n/a	1853877	4311
1810.4912109375	n/a	1853944	1112
1812.6201171875	n/a	1856124	4210
1812.84765625	n/a	1856357	1311
1812.984375	n/a	1856497	1312
1814.947265625	n/a	1858507	4312
1817.3974609375	n/a	1861016	1311
1817.5439453125	n/a	1861166	1312
1818.1904296875	n/a	1861828	1121
1819.0478515625	n/a	1862706	4311
1819.09375	n/a	1862753	4230
1819.1044921875	n/a	1862764	1122
1821.0869140625	n/a	1864794	4210
1822.2509765625	n/a	1865986	4220
1823.0751953125	n/a	1866830	4210
1824.5966796875	n/a	1868388	1311
1824.7001953125	n/a	1868494	1312
1825.3330078125	n/a	1869142	4312
1825.9169921875	n/a	1869740	1111
1826.75390625	n/a	1870597	4220
1826.845703125	n/a	1870691	4311
1826.9140625	n/a	1870761	1112
1827.34765625	n/a	1871205	1311
1827.4521484375	n/a	1871312	1312
1827.84765625	n/a	1871717	1311
1827.9501953125	n/a	1871822	1312
1832.5029296875	n/a	1876484	4210
1835.060546875	n/a	1879103	1111
1835.9609375	n/a	1880025	4311
1836.015625	n/a	1880081	1112
1836.099609375	n/a	1880167	4220
1837.986328125	n/a	1882099	4210
1839.0791015625	n/a	1883218	4312
1839.279296875	n/a	1883423	3200
1839.712890625	n/a	1883867	2621
1842.47265625	n/a	1886693	1111
1842.9287109375	n/a	1887160	4311
1842.951171875	n/a	1887183	1112
1843.873046875	n/a	1888127	4312
1847.962890625	n/a	1892315	2622
1848.5126953125	n/a	1892878	1111
1848.99609375	n/a	1893373	1311
1849.1396484375	n/a	1893520	1312
1849.2587890625	n/a	1893642	4220
1849.4599609375	n/a	1893848	4311
1849.5283203125	n/a	1893918	1112
1849.5458984375	n/a	1893936	1311
1849.6611328125	n/a	1894054	1312
1853.6201171875	n/a	1898108	4210
1854.1533203125	n/a	1898654	4312
1854.98046875	n/a	1899501	1111
1855.7392578125	n/a	1900278	4220
1855.962890625	n/a	1900507	4311
1856.0283203125	n/a	1900574	1112
1857.826171875	n/a	1902415	1311
1857.935546875	n/a	1902527	1312
1858.1435546875	n/a	1902740	4210
1859.37890625	n/a	1904005	4230
1860.845703125	n/a	1905507	1311
1860.9853515625	n/a	1905650	1312
1861.1787109375	n/a	1905848	4210
1861.3701171875	n/a	1906044	4312
1864.419921875	n/a	1909167	1111
1865.2548828125	n/a	1910022	4220
1865.3544921875	n/a	1910124	4311
1865.421875	n/a	1910193	1112
1865.595703125	n/a	1910371	1311
1865.703125	n/a	1910481	1312
1866.62890625	n/a	1911429	1311
1866.7568359375	n/a	1911560	1312
1867.75	n/a	1912577	4210
1868.8232421875	n/a	1913676	4312
1869.515625	n/a	1914385	4230
1870.8076171875	n/a	1915708	4210
1871.3212890625	n/a	1916234	1111
1872.1474609375	n/a	1917080	4311
1872.2021484375	n/a	1917136	1112
1872.265625	n/a	1917201	4220
1874.7421875	n/a	1919737	4210
1877.998046875	n/a	1923071	1311
1878.119140625	n/a	1923195	1312
1878.3505859375	n/a	1923432	4312
1880.134765625	n/a	1925259	3200
1880.5244140625	n/a	1925658	1311
1880.6552734375	n/a	1925792	1312
1880.712890625	n/a	1925851	2621
1883.6650390625	n/a	1928874	1121
1883.6943359375	n/a	1928904	1311
1883.826171875	n/a	1929039	1312
1883.966796875	n/a	1929183	4311
1883.9775390625	n/a	1929194	1122
1885.953125	n/a	1931217	4312
1888.7119140625	n/a	1934042	2622
1889.54296875	n/a	1934893	1111
1890.3359375	n/a	1935705	4220
1890.4248046875	n/a	1935796	4311
1890.48046875	n/a	1935853	1112
1892.66015625	n/a	1938085	4210
1893.703125	n/a	1939153	4230
1894.4970703125	n/a	1939966	1311
1894.59765625	n/a	1940069	1312
1896.0244140625	n/a	1941530	1311
1896.1474609375	n/a	1941656	1312
1896.431640625	n/a	1941947	4210
1898.1572265625	n/a	1943714	1121
1898.8359375	n/a	1944409	4230
1899.025390625	n/a	1944603	4311
1899.080078125	n/a	1944659	1122
1901.1865234375	n/a	1946816	4210
1901.41796875	n/a	1947053	4312
1903.775390625	n/a	1949467	1311
1903.9033203125	n/a	1949598	1312
1904.2734375	n/a	1949977	1311
1904.4111328125	n/a	1950118	1312
1905.1044921875	n/a	1950828	4220
1905.7880859375	n/a	1951528	1111
1906.65625	n/a	1952417	4311
1906.7177734375	n/a	1952480	1112
1912.6162109375	n/a	1958520	1111
1913.529296875	n/a	1959455	4311
1913.5859375	n/a	1959513	1112
1915.6640625	n/a	1961641	4210
1916.70703125	n/a	1962709	4230
1917.673828125	n/a	1963699	1311
1917.78125	n/a	1963809	1312
1919.0849609375	n/a	1965144	4210
1919.0849609375	n/a	1965144	4312
1921.0341796875	n/a	1967140	3200
1921.4619140625	n/a	1967578	2621
1921.5966796875	n/a	1967716	1121
1922.306640625	n/a	1968443	4230
1922.560546875	n/a	1968703	4311
1922.6279296875	n/a	1968772	1122
1925.1474609375	n/a	1971352	4210
1926.4931640625	n/a	1972730	4220
1927.515625	n/a	1973777	4210
1928.8984375	n/a	1975193	4312
1928.9716796875	n/a	1975268	1121
1929.7119140625	n/a	1976026	2622
1929.822265625	n/a	1976139	4230
1929.9453125	n/a	1976265	4311
1930.0126953125	n/a	1976334	1122
1931.72265625	n/a	1978085	1311
1931.853515625	n/a	1978219	1312
1932.8017578125	n/a	1979190	4210
1935.3916015625	n/a	1981842	4312
1938.4697265625	n/a	1984994	1121
1939.4052734375	n/a	1985952	4230
1939.4052734375	n/a	1985952	4311
1939.47265625	n/a	1986021	1122
1941.490234375	n/a	1988087	4210
1943.275390625	n/a	1989915	4312
1944.5234375	n/a	1991193	1311
1944.6279296875	n/a	1991300	1312
1946.2626953125	n/a	1992974	1111
1947.021484375	n/a	1993751	4220
1947.166015625	n/a	1993899	4311
1947.2216796875	n/a	1993956	1112
1950.3037109375	n/a	1997112	4210
1951.4423828125	n/a	1998278	4312
1951.9931640625	n/a	1998842	1121
1952.884765625	n/a	1999755	4230
1952.90625	n/a	1999777	4311
1952.9638671875	n/a	1999836	1122
1955.7158203125	n/a	2002654	4210
1958.154296875	n/a	2005151	4312
1959.8623046875	n/a	2006900	1111
1960.6767578125	n/a	2007734	4311
1960.720703125	n/a	2007779	4220
1960.7314453125	n/a	2007790	1112
1961.955078125	n/a	2009043	3200
1962.4609375	n/a	2009561	2621
1962.5458984375	n/a	2009648	4210
1963.19140625	n/a	2010309	1311
1963.28515625	n/a	2010405	1312
1964.123046875	n/a	2011263	4312
1965.1953125	n/a	2012361	1311
1965.322265625	n/a	2012491	1312
1966.7265625	n/a	2013929	1111
1967.4267578125	n/a	2014646	4311
1967.47265625	n/a	2014693	1112
1967.583984375	n/a	2014807	4220
1969.02734375	n/a	2016285	4210
1970.4609375	n/a	2017753	2622
1970.841796875	n/a	2018143	1311
1970.9814453125	n/a	2018286	1312
1971.3447265625	n/a	2018658	4312
1972.568359375	n/a	2019911	1121
1973.193359375	n/a	2020551	4311
1973.2265625	n/a	2020585	1122
1973.6787109375	n/a	2021048	4230
1974.6708984375	n/a	2022064	4210
1975.64453125	n/a	2023061	4312
1976.994140625	n/a	2024443	1311
1977.0927734375	n/a	2024544	1312
1978.9462890625	n/a	2026442	1121
1979.712890625	n/a	2027227	4230
1979.82421875	n/a	2027341	4311
1979.8896484375	n/a	2027408	1122
1981.9267578125	n/a	2029494	4210
1982.919921875	n/a	2030511	4220
1984.724609375	n/a	2032359	4210
1984.7607421875	n/a	2032396	1121
1985.642578125	n/a	2033299	4311
1985.7001953125	n/a	2033358	1122
1985.7109375	n/a	2033369	4230
1988.1767578125	n/a	2035894	4210
1989.310546875	n/a	2037055	4312
1990.2939453125	n/a	2038062	4220
1991.328125	n/a	2039121	4210
1993.490234375	n/a	2041335	1111
1994.3583984375	n/a	2042224	4311
1994.3916015625	n/a	2042258	4220
1994.4140625	n/a	2042281	1112
1996.6748046875	n/a	2044596	4210
1998.0185546875	n/a	2045972	4312
1998.990234375	n/a	2046967	1311
1999.087890625	n/a	2047067	1312
2001.30859375	n/a	2049341	1121
2002.208984375	n/a	2050263	4311
2002.23046875	n/a	2050285	4230
2002.2529296875	n/a	2050308	3200
2002.263671875	n/a	2050319	1122
2002.7109375	n/a	2050777	2621
2004.4033203125	n/a	2052510	4210
2004.474609375	n/a	2052583	4312
2004.69140625	n/a	2052805	1311
2004.818359375	n/a	2052935	1312
2007.4677734375	n/a	2055648	1111
2008.26953125	n/a	2056469	4220
2008.5263671875	n/a	2056732	4311
2008.6044921875	n/a	2056812	1112
2010.9609375	n/a	2059225	2622
2011.2060546875	n/a	2059476	4210
2011.2060546875	n/a	2059476	4312
2013.701171875	n/a	2062031	1121
2014.0205078125	n/a	2062358	1311
2014.1669921875	n/a	2062508	1312
2014.556640625	n/a	2062907	4311
2014.6123046875	n/a	2062964	1122
2014.64453125	n/a	2062997	4230
2017.119140625	n/a	2065531	4210
2017.892578125	n/a	2066323	4312
2019.5859375	n/a	2068057	1121
2020.3984375	n/a	2068889	4311
2020.431640625	n/a	2068923	4230
2020.4541015625	n/a	2068946	1122
2022.6826171875	n/a	2071228	4210
2024.1875	n/a	2072769	4312
2028.337890625	n/a	2077019	1121
2029.208984375	n/a	2077911	4230
2029.2431640625	n/a	2077946	4311
2029.298828125	n/a	2078003	1122
2031.60546875	n/a	2080365	4210
2032.798828125	n/a	2081587	4312
2037.81640625	n/a	2086725	4230
2038.5283203125	n/a	2087454	4210
2039.619140625	n/a	2088571	1311
2039.724609375	n/a	2088679	1312
2040.7763671875	n/a	2089756	1121
2041.6318359375	n/a	2090632	4230
2041.6318359375	n/a	2090632	4311
2041.6875	n/a	2090689	1122
2041.822265625	n/a	2090827	1311
2041.94140625	n/a	2090949	1312
2043.3623046875	n/a	2092404	3200
2043.685546875	n/a	2092735	4210
2043.7099609375	n/a	2092760	2621
2043.8193359375	n/a	2092872	1311
2043.9658203125	n/a	2093022	1312
2046.0712890625	n/a	2095178	4312
2046.8193359375	n/a	2095944	1311
2046.94140625	n/a	2096069	1312
2047.66796875	n/a	2096813	1121
2048.5029296875	n/a	2097668	4230
2048.603515625	n/a	2097771	4311
2048.669921875	n/a	2097839	1122
2050.755859375	n/a	2099975	4210
2051.6591796875	n/a	2100900	4220
2052.2099609375	n/a	2101464	2622
2053.5419921875	n/a	2102828	4210
2053.5869140625	n/a	2102874	4312
2053.74609375	n/a	2103037	1111
2054.1689453125	n/a	2103470	4220
2054.638671875	n/a	2103951	4311
2054.6943359375	n/a	2104008	1112
2057.1513671875	n/a	2106524	4210
2058.6640625	n/a	2108073	4312
2062.3193359375	n/a	2111816	1311
2062.421875	n/a	2111921	1312
2062.677734375	n/a	2112183	1111
2062.8720703125	n/a	2112382	1311
2062.9716796875	n/a	2112484	1312
2063.4794921875	n/a	2113004	4311
2063.53515625	n/a	2113061	1112
2063.5791015625	n/a	2113106	4220
2065.7861328125	n/a	2115366	4210
2067.2099609375	n/a	2116824	4312
2069.841796875	n/a	2119519	1111
2070.1640625	n/a	2119849	4220
2070.5986328125	n/a	2120294	4311
2070.6455078125	n/a	2120342	1112
2070.6689453125	n/a	2120366	1311
2070.767578125	n/a	2120467	1312
2072.7626953125	n/a	2122510	4210
2073.1533203125	n/a	2122910	4312
2076.8515625	n/a	2126697	1111
2076.9072265625	n/a	2126754	1112
2082.2177734375	n/a	2132192	1121
2083.0205078125	n/a	2133014	4230
2083.2978515625	n/a	2133298	4311
2083.3759765625	n/a	2133378	1122
2084.0703125	n/a	2134089	1311
2084.2138671875	n/a	2134236	1312
2084.3515625	n/a	2134377	3200
2084.7099609375	n/a	2134744	2621
2086.296875	n/a	2136369	4210
2088.564453125	n/a	2138691	1121
2089.04296875	n/a	2139181	4311
2089.064453125	n/a	2139203	1122
2089.34765625	n/a	2139493	4230
2089.7373046875	n/a	2139892	1311
2089.8427734375	n/a	2140000	1312
2090.8916015625	n/a	2141074	4210
2091.61328125	n/a	2141813	4312
2093.208984375	n/a	2143447	2622
2097.1806640625	n/a	2147514	1121
2098.0263671875	n/a	2148380	4230
2098.2158203125	n/a	2148574	4311
2098.2822265625	n/a	2148642	1122
2099.4873046875	n/a	2149876	1311
2099.62109375	n/a	2150013	1312
2101.0439453125	n/a	2151470	4210
2102.638671875	n/a	2153103	4312
2104.7021484375	n/a	2155216	1111
2105.669921875	n/a	2156207	4220
2105.703125	n/a	2156241	4311
2105.7177734375	n/a	2156256	1311
2105.7705078125	n/a	2156310	1112
2105.8203125	n/a	2156361	1312
2107.236328125	n/a	2157811	1311
2107.3466796875	n/a	2157924	1312
2108.0908203125	n/a	2158686	4210
2109.0556640625	n/a	2159674	4230
2110.8203125	n/a	2161481	1311
2110.9560546875	n/a	2161620	1312
2114.4013671875	n/a	2165148	4210
2115.896484375	n/a	2166679	4312
2118.900390625	n/a	2169755	1111
2119.0166015625	n/a	2169874	1311
2119.140625	n/a	2170001	1312
2119.90234375	n/a	2170781	4311
2119.935546875	n/a	2170815	4220
2119.96875	n/a	2170849	1112
2122.03515625	n/a	2172965	4210
2122.998046875	n/a	2173951	4230
2125.0146484375	n/a	2176016	3200
2125.125	n/a	2176129	4210
2125.125	n/a	2176129	4312
2125.458984375	n/a	2176471	2621
2127.5087890625	n/a	2178570	1111
2128.5	n/a	2179585	4311
2128.5546875	n/a	2179641	4220
2128.5673828125	n/a	2179654	1112
2130.6015625	n/a	2181737	4210
2131.46484375	n/a	2182621	4230
2133.708984375	n/a	2184919	2622
2134.0751953125	n/a	2185294	4210
2134.4248046875	n/a	2185652	1121
2135.2939453125	n/a	2186542	4230
2135.4052734375	n/a	2186656	4311
2135.47265625	n/a	2186725	1122
2137.5400390625	n/a	2188842	4210
2138.72265625	n/a	2190053	4312
2143.455078125	n/a	2194899	1121
2143.599609375	n/a	2195047	4311
2143.599609375	n/a	2195047	1122
2143.81640625	n/a	2195269	1311
2143.9208984375	n/a	2195376	1312
2144.3017578125	n/a	2195766	4312
2144.3359375	n/a	2195801	1311
2144.455078125	n/a	2195923	1312
2146.8349609375	n/a	2198360	1311
2146.9716796875	n/a	2198500	1312
2149.9033203125	n/a	2201502	1111
2149.9853515625	n/a	2201586	1311
2150.109375	n/a	2201713	1312
2150.9033203125	n/a	2202526	4311
2150.9375	n/a	2202561	4220
2150.970703125	n/a	2202595	1112
2152.9072265625	n/a	2204578	4210
2154.2509765625	n/a	2205954	4230
2157.1240234375	n/a	2208896	4210
2157.1591796875	n/a	2208932	1121
2157.5947265625	n/a	2209378	4230
2157.9619140625	n/a	2209754	4311
2158.0166015625	n/a	2209810	1122
2159.859375	n/a	2211697	4210
2160.9833984375	n/a	2212848	4312
2162.865234375	n/a	2214775	1311
2163.01171875	n/a	2214925	1312
2166.013671875	n/a	2217999	3200
2166.330078125	n/a	2218323	1121
2166.4580078125	n/a	2218454	2621
2167.009765625	n/a	2219019	4311
2167.0537109375	n/a	2219064	1122
2167.1455078125	n/a	2219158	4230
2169.048828125	n/a	2221107	4210
2172.4814453125	n/a	2224622	4312
2173.67578125	n/a	2225845	1121
2174.5888671875	n/a	2226780	4230
2174.65625	n/a	2226849	4311
2174.7080078125	n/a	2226902	2622
2174.72265625	n/a	2226917	1122
2176.5673828125	n/a	2228806	4210
2177.1591796875	n/a	2229412	4220
2178.9365234375	n/a	2231232	4210
2180.4541015625	n/a	2232786	1111
2181.4345703125	n/a	2233790	4220
2181.4453125	n/a	2233801	4311
2181.5126953125	n/a	2233870	1112
2183.58984375	n/a	2235997	4210
2185.486328125	n/a	2237939	4312
2185.634765625	n/a	2238091	1311
2185.765625	n/a	2238225	1312
2186.6376953125	n/a	2239118	1311
2186.7353515625	n/a	2239218	1312
2189.3701171875	n/a	2241916	1121
2190.216796875	n/a	2242783	4230
2190.328125	n/a	2242897	4311
2190.3955078125	n/a	2242966	1122
2192.6455078125	n/a	2245270	4210
2193.4140625	n/a	2246057	1311
2193.521484375	n/a	2246167	1312
2196.865234375	n/a	2249591	4312
2197.3564453125	n/a	2250094	1111
2198.2470703125	n/a	2251006	4311
2198.3017578125	n/a	2251062	1112
2198.4638671875	n/a	2251228	4220
2200.037109375	n/a	2252839	4210
2200.4990234375	n/a	2253312	4312
2206.5908203125	n/a	2259550	1121
2207.1259765625	n/a	2260098	3200
2207.1923828125	n/a	2260166	4230
2207.4609375	n/a	2260441	4311
2207.5166015625	n/a	2260498	1122
2207.7080078125	n/a	2260694	2621
2209.8037109375	n/a	2262840	4210
2210.6669921875	n/a	2263724	4312
2213.3427734375	n/a	2266464	1121
2214.181640625	n/a	2267323	4230
2214.248046875	n/a	2267391	4311
2214.3037109375	n/a	2267448	1122
2215.232421875	n/a	2268399	1311
2215.36328125	n/a	2268533	1312
2215.7080078125	n/a	2268886	2622
2216.2861328125	n/a	2269478	4210
2217.0576171875	n/a	2270268	4312
2220.015625	n/a	2273297	1111
2220.9716796875	n/a	2274276	4311
2221.0390625	n/a	2274345	4220
2221.0390625	n/a	2274345	1112
2223.216796875	n/a	2276575	4210
2224.9423828125	n/a	2278342	4312
2229.6044921875	n/a	2283116	1121
2230.4931640625	n/a	2284026	4230
2230.5380859375	n/a	2284072	4311
2230.6044921875	n/a	2284140	1122
2232.9326171875	n/a	2286524	4210
2234.025390625	n/a	2287643	4220
2235.162109375	n/a	2288807	4210
2236.765625	n/a	2290449	1121
2237.5576171875	n/a	2291260	4230
2237.7021484375	n/a	2291408	4311
2237.7685546875	n/a	2291476	1122
2239.9404296875	n/a	2293700	4210
2240.65234375	n/a	2294429	4220
2242.1259765625	n/a	2295938	4210
2243.7314453125	n/a	2297582	4312
2246.056640625	n/a	2299963	1121
2246.7626953125	n/a	2300686	1311
2246.865234375	n/a	2300791	1312
2246.9228515625	n/a	2300850	4230
2247.0791015625	n/a	2301010	4311
2247.1474609375	n/a	2301080	1122
2247.9990234375	n/a	2301952	3200
2248.45703125	n/a	2302421	2621
2249.484375	n/a	2303473	4210
2251.8017578125	n/a	2305846	4312
2252.6357421875	n/a	2306700	1111
2253.458984375	n/a	2307543	4311
2253.5146484375	n/a	2307600	1112
2253.5263671875	n/a	2307612	4220
2255.2734375	n/a	2309401	4210
2256.427734375	n/a	2310583	4230
2256.70703125	n/a	2310869	2622
2258.2626953125	n/a	2312462	4210
2259.5361328125	n/a	2313766	4312
2261.1376953125	n/a	2315406	1121
2261.771484375	n/a	2316055	4230
2262.0283203125	n/a	2316318	4311
2262.083984375	n/a	2316375	1122
2264.4560546875	n/a	2318804	4210
2266.0400390625	n/a	2320426	4312
2268.001953125	n/a	2322435	1111
2268.83203125	n/a	2323285	1311
2268.8466796875	n/a	2323300	4220
2268.880859375	n/a	2323335	4311
2268.935546875	n/a	2323391	1112
2268.9677734375	n/a	2323424	1312
2270.9072265625	n/a	2325410	4210
2271.9296875	n/a	2326457	4230
2274.765625	n/a	2329361	1111
2275.0439453125	n/a	2329646	4210
2275.5654296875	n/a	2330180	4311
2275.62109375	n/a	2330237	1112
2275.8740234375	n/a	2330496	4220
2277.0302734375	n/a	2331680	1311
2277.123046875	n/a	2331775	1312
2277.306640625	n/a	2331963	4210
2278.3857421875	n/a	2333068	4230
2280.5419921875	n/a	2335276	1111
2280.7197265625	n/a	2335458	4210
2280.96484375	n/a	2335709	4311
2280.9873046875	n/a	2335732	1112
2283.2548828125	n/a	2338054	4312
2286.5908203125	n/a	2341470	1111
2287.416015625	n/a	2342315	4311
2287.4716796875	n/a	2342372	1112
2287.5634765625	n/a	2342466	4220
2288.7880859375	n/a	2343720	3200
2289.20703125	n/a	2344149	2621
2289.349609375	n/a	2344295	4210
2290.26171875	n/a	2345229	4230
2292.95703125	n/a	2347989	1121
2293.7783203125	n/a	2348830	4311
2293.8349609375	n/a	2348888	1122
2296.44140625	n/a	2351557	4210
2296.7333984375	n/a	2351856	4312
2297.20703125	n/a	2352341	2622
2301.4404296875	n/a	2356676	1111
2302.3076171875	n/a	2357564	4220
2302.36328125	n/a	2357621	4311
2302.4306640625	n/a	2357690	1112
2303.2294921875	n/a	2358508	1311
2303.361328125	n/a	2358643	1312
2304.2373046875	n/a	2359540	4210
2305.19921875	n/a	2360525	4230
2306.2734375	n/a	2361625	4210
2308.05859375	n/a	2363453	4312
2308.783203125	n/a	2364195	1311
2308.875	n/a	2364289	1312
2309.1513671875	n/a	2364572	1121
2309.8974609375	n/a	2365336	4230
2310.0087890625	n/a	2365450	4311
2310.064453125	n/a	2365507	1122
2312.4296875	n/a	2367929	1311
2312.478515625	n/a	2367979	4210
2312.5634765625	n/a	2368066	1312
2314.3779296875	n/a	2369924	4312
2315.1083984375	n/a	2370672	1111
2315.9755859375	n/a	2371560	4311
2316.0322265625	n/a	2371618	1112
2316.0546875	n/a	2371641	4220
2317.9716796875	n/a	2373604	4210
2319.63671875	n/a	2375309	4312
2320.955078125	n/a	2376659	1121
2321.9013671875	n/a	2377628	4311
2321.9677734375	n/a	2377696	1122
2322.1201171875	n/a	2377852	4230
2322.359375	n/a	2378097	1311
2322.4814453125	n/a	2378222	1312
2324.0751953125	n/a	2379854	4210
2324.359375	n/a	2380145	1311
2324.505859375	n/a	2380295	1312
2327.359375	n/a	2383217	1311
2327.505859375	n/a	2383367	1312
2329.1650390625	n/a	2385066	3200
2329.7060546875	n/a	2385620	2621
2329.7783203125	n/a	2385694	1111
2330.7470703125	n/a	2386686	4311
2330.802734375	n/a	2386743	4220
2330.814453125	n/a	2386755	1112
2332.0595703125	n/a	2388030	1311
2332.16015625	n/a	2388133	1312
2332.802734375	n/a	2388791	4210
2334.4677734375	n/a	2390496	4312
2337.7060546875	n/a	2393812	2622
2337.75	n/a	2393857	1111
2338.626953125	n/a	2394755	4311
2338.6826171875	n/a	2394812	1112
2338.865234375	n/a	2394999	4220
2340.427734375	n/a	2396599	4210
2342.302734375	n/a	2398519	4312
2348.4091796875	n/a	2404772	1311
2348.515625	n/a	2404881	1312
2354.0283203125	n/a	2410526	1111
2354.830078125	n/a	2411347	4311
2354.8857421875	n/a	2411404	1112
2354.908203125	n/a	2411427	4220
2355.208984375	n/a	2411735	1311
2355.345703125	n/a	2411875	1312
2356.7734375	n/a	2413337	4210
2357.7470703125	n/a	2414334	4230
2360.576171875	n/a	2417231	1111
2361.310546875	n/a	2417983	4210
2361.4111328125	n/a	2418086	4311
2361.4677734375	n/a	2418144	1112
2361.8505859375	n/a	2418536	4220
2363.5869140625	n/a	2420314	4210
2366.1513671875	n/a	2422940	4312
2367.0537109375	n/a	2423864	1121
2367.765625	n/a	2424593	4230
2368.009765625	n/a	2424843	4311
2368.076171875	n/a	2424911	1122
2370.0341796875	n/a	2426916	3200
2370.4560546875	n/a	2427348	2621
2371.3818359375	n/a	2428296	4210
2371.3818359375	n/a	2428296	4312
2375.783203125	n/a	2432803	1111
2376.6962890625	n/a	2433738	4220
2376.7412109375	n/a	2433784	4311
2376.8076171875	n/a	2433852	1112
2376.859375	n/a	2433905	1311
2377.0	n/a	2434049	1312
2378.705078125	n/a	2435795	2622
2378.845703125	n/a	2435939	4210
2379.37890625	n/a	2436485	1311
2379.515625	n/a	2436625	1312
2380.1396484375	n/a	2437264	4230
2381.59375	n/a	2438753	4210
2381.6435546875	n/a	2438804	4312
2383.4765625	n/a	2440681	1311
2383.6064453125	n/a	2440814	1312
2383.615234375	n/a	2440823	1121
2384.525390625	n/a	2441755	4230
2384.548828125	n/a	2441779	4311
2384.6142578125	n/a	2441846	1122
2385.60546875	n/a	2442861	1311
2385.7158203125	n/a	2442974	1312
2387.15625	n/a	2444449	4210
2387.9990234375	n/a	2445312	4312
2390.53515625	n/a	2447909	1121
2391.328125	n/a	2448721	4230
2391.41796875	n/a	2448813	4311
2391.474609375	n/a	2448871	1122
2392.3251953125	n/a	2449742	1311
2392.4462890625	n/a	2449866	1312
2393.3251953125	n/a	2450766	1311
2393.451171875	n/a	2450895	1312
2393.90234375	n/a	2451357	4210
2395.296875	n/a	2452785	4312
2399.5205078125	n/a	2457110	1121
2400.33203125	n/a	2457941	4230
2400.5087890625	n/a	2458122	4311
2400.576171875	n/a	2458191	1122
2402.5751953125	n/a	2460238	1311
2402.6806640625	n/a	2460346	1312
2402.8466796875	n/a	2460516	4210
2404.0703125	n/a	2461769	4312
2406.9365234375	n/a	2464704	1111
2407.7294921875	n/a	2465516	4220
2407.818359375	n/a	2465607	4311
2407.873046875	n/a	2465663	1112
2409.8291015625	n/a	2467666	4210
2410.701171875	n/a	2468559	4312
2410.80078125	n/a	2468661	3200
2410.90234375	n/a	2468765	4230
2411.205078125	n/a	2469075	2621
2412.0771484375	n/a	2469968	4210
2412.9052734375	n/a	2470816	1311
2413.0126953125	n/a	2470926	1312
2413.349609375	n/a	2471271	1121
2414.2080078125	n/a	2472150	4230
2414.38671875	n/a	2472333	4311
2414.4541015625	n/a	2472402	1122
2417.212890625	n/a	2475227	4210
2417.2431640625	n/a	2475258	4312
2419.1083984375	n/a	2477168	1311
2419.236328125	n/a	2477299	1312
2419.455078125	n/a	2477523	2622
2420.1044921875	n/a	2478188	1311
2420.236328125	n/a	2478323	1312
2422.0263671875	n/a	2480156	1111
2422.6064453125	n/a	2480750	4220
2422.9873046875	n/a	2481140	4311
2423.0537109375	n/a	2481208	1112
2425.1826171875	n/a	2483388	4210
2425.328125	n/a	2483537	1311
2425.419921875	n/a	2483631	1312
2426.1064453125	n/a	2484334	4230
2426.35546875	n/a	2484589	1311
2426.482421875	n/a	2484719	1312
2429.7392578125	n/a	2488054	1111
2430.5615234375	n/a	2488896	4210
2430.6640625	n/a	2489001	4311
2430.7314453125	n/a	2489070	1112
2431.0751953125	n/a	2489422	1311
2431.177734375	n/a	2489527	4220
2431.177734375	n/a	2489527	1312
2433.013671875	n/a	2491407	4210
2434.248046875	n/a	2492671	4312
2436.5302734375	n/a	2495008	1121
2436.9853515625	n/a	2495474	4311
2437.0078125	n/a	2495497	1122
2437.251953125	n/a	2495747	4230
2437.7744140625	n/a	2496282	1311
2437.9208984375	n/a	2496432	1312
2438.0146484375	n/a	2496528	4210
2440.150390625	n/a	2498715	4312
2444.9296875	n/a	2503609	1111
2445.8603515625	n/a	2504562	4311
2445.8935546875	n/a	2504596	4220
2445.9267578125	n/a	2504630	1112
2448.4169921875	n/a	2507180	4210
2448.5546875	n/a	2507321	1311
2448.681640625	n/a	2507451	1312
2449.5908203125	n/a	2508382	4230
2451.537109375	n/a	2510375	3200
2451.9541015625	n/a	2510802	2621
2452.9462890625	n/a	2511818	1111
2453.291015625	n/a	2512171	4210
2453.935546875	n/a	2512831	4311
2454.0029296875	n/a	2512900	1112
2454.025390625	n/a	2512923	4220
2456.513671875	n/a	2515471	4210
2457.8369140625	n/a	2516826	4312
2459.8369140625	n/a	2518874	1311
2459.9287109375	n/a	2518968	1312
2460.4541015625	n/a	2519506	2622
2462.3681640625	n/a	2521466	1111
2463.26171875	n/a	2522381	4311
2463.3173828125	n/a	2522438	1112
2463.3388671875	n/a	2522460	4220
2465.2255859375	n/a	2524392	4210
2466.3193359375	n/a	2525512	4230
2469.212890625	n/a	2528475	1111
2469.2333984375	n/a	2528496	1311
2469.36328125	n/a	2528629	1312
2469.58203125	n/a	2528853	4210
2470.330078125	n/a	2529619	4220
2470.353515625	n/a	2529643	4311
2470.4326171875	n/a	2529724	1112
2471.3828125	n/a	2530697	1311
2471.48828125	n/a	2530805	1312
2472.6943359375	n/a	2532040	4210
2473.345703125	n/a	2532707	4230
2476.2109375	n/a	2535641	1111
2477.056640625	n/a	2536507	4210
2477.22265625	n/a	2536677	4311
2477.2900390625	n/a	2536746	1112
2477.5322265625	n/a	2536994	4220
2478.1328125	n/a	2537609	1311
2478.255859375	n/a	2537735	1312
2479.4453125	n/a	2538953	4210
2481.9638671875	n/a	2541532	4312
2482.9599609375	n/a	2542552	1121
2483.6484375	n/a	2543257	4230
2483.92578125	n/a	2543541	4311
2483.9931640625	n/a	2543610	1122
2486.2216796875	n/a	2545892	4210
2488.3583984375	n/a	2548080	4312
2491.7822265625	n/a	2551586	1121
2492.537109375	n/a	2552359	4230
2492.7373046875	n/a	2552564	4311
2492.8037109375	n/a	2552632	1122
2493.2861328125	n/a	2553126	3200
2493.7041015625	n/a	2553554	2621
2495.1708984375	n/a	2555056	4210
2496.39453125	n/a	2556309	4312
2497.7021484375	n/a	2557648	1311
2497.8447265625	n/a	2557794	1312
2498.916015625	n/a	2558891	1111
2499.7607421875	n/a	2559756	4311
2499.8056640625	n/a	2559802	4220
2499.81640625	n/a	2559813	1112
2501.7119140625	n/a	2561754	4210
2501.9541015625	n/a	2562002	2622
2502.7060546875	n/a	2562772	4230
2504.4521484375	n/a	2564560	1311
2504.58203125	n/a	2564693	1312
2506.2060546875	n/a	2566356	4210
2506.2060546875	n/a	2566356	4312
2508.041015625	n/a	2568235	1121
2508.830078125	n/a	2569043	4230
2509.041015625	n/a	2569259	4311
2509.107421875	n/a	2569327	1122
2509.205078125	n/a	2569427	1311
2509.298828125	n/a	2569523	1312
2511.232421875	n/a	2571503	1311
2511.3369140625	n/a	2571610	1312
2513.1484375	n/a	2573465	4210
2514.1533203125	n/a	2574494	4312
2515.615234375	n/a	2575991	1121
2516.4833984375	n/a	2576880	4230
2516.6279296875	n/a	2577028	4311
2516.6943359375	n/a	2577096	1122
2518.9306640625	n/a	2579386	4210
2519.01171875	n/a	2579469	4312
2520.4521484375	n/a	2580944	1311
2520.578125	n/a	2581073	1312
2522.26953125	n/a	2582805	4230
2522.349609375	n/a	2582887	1111
2522.783203125	n/a	2583331	4210
2523.201171875	n/a	2583759	1311
2523.2392578125	n/a	2583798	4311
2523.2939453125	n/a	2583854	1112
2523.3388671875	n/a	2583900	1312
2523.5771484375	n/a	2584144	4220
2523.720703125	n/a	2584291	1311
2523.8525390625	n/a	2584426	1312
2525.1611328125	n/a	2585766	4210
2526.65625	n/a	2587297	4312
2527.73046875	n/a	2588397	1311
2527.861328125	n/a	2588531	1312
2529.23046875	n/a	2589933	1311
2529.3623046875	n/a	2590068	1312
2531.859375	n/a	2592625	1111
2531.900390625	n/a	2592667	1311
2532.0322265625	n/a	2592802	1312
2532.6923828125	n/a	2593478	4311
2532.7490234375	n/a	2593536	1112
2532.8408203125	n/a	2593630	4220
2534.265625	n/a	2595089	3200
2534.3955078125	n/a	2595222	4210
2534.703125	n/a	2595537	2621
2536.9130859375	n/a	2597800	4312
2537.0009765625	n/a	2597890	1311
2537.1474609375	n/a	2598040	1312
2538.841796875	n/a	2599775	1111
2539.7333984375	n/a	2600688	4311
2539.7880859375	n/a	2600744	1112
2539.80078125	n/a	2600757	4220
2541.8798828125	n/a	2602886	4210
2542.953125	n/a	2603985	2622
2543.212890625	n/a	2604251	4230
2546.8310546875	n/a	2607956	1311
2546.931640625	n/a	2608059	1312
2548.0048828125	n/a	2609158	1121
2549.064453125	n/a	2610243	4311
2549.1416015625	n/a	2610322	1122
2551.5	n/a	2612737	4210
2552.33203125	n/a	2613589	4220
2553.6572265625	n/a	2614946	4210
2555.26953125	n/a	2616597	4312
2555.68359375	n/a	2617021	1121
2556.37890625	n/a	2617733	4230
2556.58984375	n/a	2617949	4311
2556.64453125	n/a	2618005	1122
2558.673828125	n/a	2620083	4210
2560.5693359375	n/a	2622024	4312
2564.169921875	n/a	2625711	1121
2565.0888671875	n/a	2626652	4311
2565.099609375	n/a	2626663	4230
2565.15625	n/a	2626721	1122
2566.5302734375	n/a	2628128	1311
2566.6640625	n/a	2628265	1312
2567.1142578125	n/a	2628726	4210
2568.568359375	n/a	2630215	4312
2569.662109375	n/a	2631335	4220
2570.771484375	n/a	2632471	4210
2571.03125	n/a	2632737	1111
2571.3232421875	n/a	2633036	4220
2571.5263671875	n/a	2633244	4311
2571.5498046875	n/a	2633268	1112
2573.5849609375	n/a	2635352	4210
2573.5849609375	n/a	2635352	4312
2574.7890625	n/a	2636585	3200
2575.203125	n/a	2637009	2621
2576.5185546875	n/a	2638356	1111
2577.232421875	n/a	2639087	4220
2577.533203125	n/a	2639395	4311
2577.599609375	n/a	2639463	1112
2580.140625	n/a	2642065	4210
2581.2333984375	n/a	2643184	4312
2582.0966796875	n/a	2644068	4230
2583.216796875	n/a	2645215	1121
2583.23828125	n/a	2645237	4210
2583.4521484375	n/a	2645456	2622
2583.673828125	n/a	2645683	4230
2584.1064453125	n/a	2646126	4311
2584.1728515625	n/a	2646194	1122
2586.3388671875	n/a	2648412	4210
2586.3583984375	n/a	2648432	4312
2588.478515625	n/a	2650603	1311
2588.6181640625	n/a	2650746	1312
2588.9150390625	n/a	2651050	1111
2589.7177734375	n/a	2651872	4311
2589.7294921875	n/a	2651884	4220
2589.7734375	n/a	2651929	1112
2590.62890625	n/a	2652805	1311
2590.7626953125	n/a	2652942	1312
2591.6298828125	n/a	2653830	4210
2594.05859375	n/a	2656317	4312
2597.43359375	n/a	2659773	1111
2598.3583984375	n/a	2660720	4220
2598.435546875	n/a	2660799	4311
2598.501953125	n/a	2660867	1112
2600.3310546875	n/a	2662740	1311
2600.4677734375	n/a	2662880	1312
2604.8662109375	n/a	2667384	4210
2605.2578125	n/a	2667785	1121
2606.0966796875	n/a	2668644	4311
2606.1513671875	n/a	2668700	1122
2606.1943359375	n/a	2668744	4230
2608.0283203125	n/a	2670622	4210
2608.580078125	n/a	2671187	4312
2611.2275390625	n/a	2673898	1121
2612.1103515625	n/a	2674802	4311
2612.1650390625	n/a	2674858	1122
2612.2685546875	n/a	2674964	4230
2615.095703125	n/a	2677859	4210
2615.2861328125	n/a	2678054	3200
2615.7021484375	n/a	2678480	2621
2616.6884765625	n/a	2679490	4312
2617.123046875	n/a	2679935	1121
2617.9912109375	n/a	2680824	4230
2618.0244140625	n/a	2680858	4311
2618.080078125	n/a	2680915	1122
2620.095703125	n/a	2682979	4210
2620.9091796875	n/a	2683812	4220
2622.6279296875	n/a	2685572	4210
2622.931640625	n/a	2685883	1111
2623.7763671875	n/a	2686748	4220
2623.9755859375	n/a	2686952	4311
2624.04296875	n/a	2687021	1112
2624.4521484375	n/a	2687440	2622
2625.126953125	n/a	2688131	1311
2625.2529296875	n/a	2688260	1312
2626.4208984375	n/a	2689456	4210
2627.9755859375	n/a	2691048	4312
2631.802734375	n/a	2694967	1121
2632.4736328125	n/a	2695654	4230
2632.7080078125	n/a	2695894	4311
2632.763671875	n/a	2695951	1122
2635.3544921875	n/a	2698604	4210
2637.802734375	n/a	2701111	4312
2637.8505859375	n/a	2701160	1311
2637.978515625	n/a	2701291	1312
2639.625	n/a	2702977	1111
2640.44921875	n/a	2703821	4311
2640.470703125	n/a	2703843	4220
2640.50390625	n/a	2703877	1112
2642.392578125	n/a	2705811	4210
2643.416015625	n/a	2706859	4230
2645.6171875	n/a	2709113	1311
2645.671875	n/a	2709169	4210
2645.671875	n/a	2709169	4312
2645.6845703125	n/a	2709182	1111
2645.7470703125	n/a	2709246	1312
2646.51953125	n/a	2710037	4311
2646.576171875	n/a	2710095	1112
2646.7177734375	n/a	2710240	4220
2648.4716796875	n/a	2712036	4210
2648.7470703125	n/a	2712318	1311
2648.8125	n/a	2712385	4312
2648.8671875	n/a	2712441	1312
2651.6376953125	n/a	2715278	1111
2652.3173828125	n/a	2715974	4220
2652.3173828125	n/a	2715974	4311
2652.361328125	n/a	2716019	1112
2653.96484375	n/a	2717661	4210
2654.5458984375	n/a	2718256	4312
2656.50390625	n/a	2720261	3200
2656.951171875	n/a	2720719	2621
2657.92578125	n/a	2721717	1311
2658.0419921875	n/a	2721836	1312
2660.33203125	n/a	2724181	1111
2661.076171875	n/a	2724943	4311
2661.1201171875	n/a	2724988	1112
2661.2734375	n/a	2725145	4220
2663.0283203125	n/a	2726942	4210
2664.9140625	n/a	2728873	4312
2664.951171875	n/a	2728911	2622
2667.4111328125	n/a	2731430	1111
2668.3359375	n/a	2732377	4311
2668.404296875	n/a	2732447	1112
2668.4365234375	n/a	2732480	4220
2670.4326171875	n/a	2734524	4210
2671.8671875	n/a	2735993	4230
2672.345703125	n/a	2736483	1311
2672.44921875	n/a	2736589	1312
2674.0478515625	n/a	2738226	4210
2674.44140625	n/a	2738629	4312
2674.5517578125	n/a	2738742	1121
2675.0634765625	n/a	2739266	4230
2675.4453125	n/a	2739657	1311
2675.4580078125	n/a	2739670	4311
2675.5234375	n/a	2739737	1122
2675.541015625	n/a	2739755	1312
2679.193359375	n/a	2743495	4210
2679.4228515625	n/a	2743730	4312
2680.8125	n/a	2745153	1111
2681.58203125	n/a	2745941	4220
2681.626953125	n/a	2745987	4311
2681.6826171875	n/a	2746044	1112
2683.5673828125	n/a	2747974	4210
2683.5869140625	n/a	2747994	4312
2686.8642578125	n/a	2751350	1121
2687.6337890625	n/a	2752138	4230
2687.82421875	n/a	2752333	4311
2687.8916015625	n/a	2752402	1122
2688.8955078125	n/a	2753430	1311
2689.029296875	n/a	2753567	1312
2690.078125	n/a	2754641	4210
2690.9208984375	n/a	2755504	4220
2692.8466796875	n/a	2757476	4210
2695.2724609375	n/a	2759960	4312
2695.990234375	n/a	2760695	1111
2696.5830078125	n/a	2761302	4311
2696.6162109375	n/a	2761336	4220
2696.6162109375	n/a	2761336	1112
2697.2314453125	n/a	2761966	3200
2697.701171875	n/a	2762447	2621
2698.333984375	n/a	2763095	4210
2698.92578125	n/a	2763701	4312
2703.0185546875	n/a	2767892	1121
2703.7783203125	n/a	2768670	4230
2704.0888671875	n/a	2768988	4311
2704.1611328125	n/a	2769062	1122
2705.451171875	n/a	2770383	2622
2706.5712890625	n/a	2771530	4210
2707.29296875	n/a	2772269	4220
2708.638671875	n/a	2773647	4210
2708.9501953125	n/a	2773966	4312
2709.6650390625	n/a	2774698	1111
2710.4443359375	n/a	2775496	4220
2710.5791015625	n/a	2775634	4311
2710.634765625	n/a	2775691	1112
2712.5751953125	n/a	2777678	4210
2714.76171875	n/a	2779917	4312
2718.26171875	n/a	2783501	1111
2718.7744140625	n/a	2784026	4220
2719.166015625	n/a	2784427	4311
2719.2216796875	n/a	2784484	1112
2721.376953125	n/a	2786691	4210
2721.4873046875	n/a	2786804	4312
2725.1611328125	n/a	2790566	1121
2726.197265625	n/a	2791627	4230
2726.2197265625	n/a	2791650	4311
2726.298828125	n/a	2791731	1122
2728.5732421875	n/a	2794060	1311
2728.7177734375	n/a	2794208	1312
2729.447265625	n/a	2794955	4210
2729.4873046875	n/a	2794996	4312
2732.1279296875	n/a	2797700	1121
2733.02734375	n/a	2798621	4311
2733.0712890625	n/a	2798666	4230
2733.08203125	n/a	2798677	1122
2733.2939453125	n/a	2798894	1311
2733.4375	n/a	2799041	1312
2735.3125	n/a	2800961	4210
2737.66796875	n/a	2803373	3200
2737.923828125	n/a	2803635	4312
2738.2001953125	n/a	2803918	2621
2738.8193359375	n/a	2804552	1121
2739.6982421875	n/a	2805452	4230
2739.708984375	n/a	2805463	4311
2739.7666015625	n/a	2805522	1122
2741.9130859375	n/a	2807720	4210
2743.1865234375	n/a	2809024	4220
2746.4501953125	n/a	2812366	2622
2747.6181640625	n/a	2813562	1111
2747.6767578125	n/a	2813622	1311
2747.7685546875	n/a	2813716	1312
2748.365234375	n/a	2814327	1112
2750.7734375	n/a	2816793	1311
2750.900390625	n/a	2816923	1312
2755.16015625	n/a	2821285	1212
2755.16015625	n/a	2821285	3112
